sample_id,host_family,core,field,available,record_type,available_records,available_fraction,stage,qualified_samples
SUN20_GDLUGAG_LU35,"(Gd,Lu)AG",True,Composition,True,sample_field,,,,
HUA23_LUYAG_X020,"(Lu,Y)AG",True,Composition,True,sample_field,,,,
HUA23_LUYAG_X040,"(Lu,Y)AG",True,Composition,True,sample_field,,,,
HUA23_LUYAG_X060,"(Lu,Y)AG",True,Composition,True,sample_field,,,,
HUA23_LUYAG_X080,"(Lu,Y)AG",True,Composition,True,sample_field,,,,
HU15_GD10,"(Y,Gd)AG",True,Composition,True,sample_field,,,,
HU15_GD30,"(Y,Gd)AG",True,Composition,True,sample_field,,,,
HU15_GD40,"(Y,Gd)AG",True,Composition,True,sample_field,,,,
HU15_GD50,"(Y,Gd)AG",True,Composition,True,sample_field,,,,
HU15_GD60,"(Y,Gd)AG",True,Composition,True,sample_field,,,,
HU15_GD70,"(Y,Gd)AG",True,Composition,True,sample_field,,,,
HU15_GD80,"(Y,Gd)AG",True,Composition,True,sample_field,,,,
LIU19_GDYAG_GD00,"(Y,Gd)AG",True,Composition,True,sample_field,,,,
LIU19_GDYAG_GD10,"(Y,Gd)AG",True,Composition,True,sample_field,,,,
LIU19_GDYAG_GD20,"(Y,Gd)AG",True,Composition,True,sample_field,,,,
LIU19_GDYAG_GD30,"(Y,Gd)AG",True,Composition,True,sample_field,,,,
SHA19_GD06,"(Y,Gd)AG",True,Composition,True,sample_field,,,,
SHA19_GD12,"(Y,Gd)AG",True,Composition,True,sample_field,,,,
SHA19_GD18,"(Y,Gd)AG",True,Composition,True,sample_field,,,,
SHA19_GD24,"(Y,Gd)AG",True,Composition,True,sample_field,,,,
SHA19_GD30,"(Y,Gd)AG",True,Composition,True,sample_field,,,,
LI24_CSS_CE08,CSS,True,Composition,True,sample_field,,,,
LI24_CSS_CE02,CSS,True,Composition,True,sample_field,,,,
LI24_CSS_CE04,CSS,True,Composition,True,sample_field,,,,
LI24_CSS_CE06,CSS,True,Composition,True,sample_field,,,,
LI24_CSS_CE10,CSS,True,Composition,True,sample_field,,,,
LI24_CSS_CE12,CSS,True,Composition,True,sample_field,,,,
MOR16_GAGG,GAGG,True,Composition,True,sample_field,,,,
CHE17_GA01,GAGG,True,Composition,True,sample_field,,,,
CHE17_GA03,GAGG,True,Composition,True,sample_field,,,,
CHE17_GA04,GAGG,True,Composition,True,sample_field,,,,
CHE17_GA05,GAGG,True,Composition,True,sample_field,,,,
CHE17_GA07,GAGG,True,Composition,True,sample_field,,,,
LIU19_ACS_GAGG_T08,GAGG,True,Composition,True,sample_field,,,,
HOS19_N4_1600,GGAG,True,Composition,True,sample_field,,,,
MENG20_GLMS_Z00,GLMS,True,Composition,True,sample_field,,,,
MENG20_GLMS_Z05,GLMS,True,Composition,True,sample_field,,,,
MENG20_GLMS_Z10,GLMS,True,Composition,True,sample_field,,,,
MA21_GSC40_CE04,GSAG,True,Composition,True,sample_field,,,,
MA21_GSC40_CE06,GSAG,True,Composition,True,sample_field,,,,
MA21_GSC40_CE08,GSAG,True,Composition,True,sample_field,,,,
MA21_GSC40_CE10,GSAG,True,Composition,True,sample_field,,,,
MA21_GSC40_CE12,GSAG,True,Composition,True,sample_field,,,,
MA21_GYSC00_CE04,Gd-Y-ScAG,True,Composition,True,sample_field,,,,
ZHO22_LUAG_BASE,LuAG,True,Composition,True,sample_field,,,,
HUA23_LUYAG_X0999,LuAG,True,Composition,True,sample_field,,,,
LI16_LUAG_CE003,LuAG,True,Composition,True,sample_field,,,,
WANG24_LUAG_CE005,LuAG,True,Composition,True,sample_field,,,,
WANG24_LUAG_CE010,LuAG,True,Composition,True,sample_field,,,,
WANG24_LUAG_CE020,LuAG,True,Composition,True,sample_field,,,,
WANG24_LUAG_CE030,LuAG,True,Composition,True,sample_field,,,,
WANG24_LUAG_CE035,LuAG,True,Composition,True,sample_field,,,,
WANG24_LUAG_CE040,LuAG,True,Composition,True,sample_field,,,,
WANG24_LUAG_CE045,LuAG,True,Composition,True,sample_field,,,,
WANG24_LUAG_CE050,LuAG,True,Composition,True,sample_field,,,,
WANG24_LUAG_CE055,LuAG,True,Composition,True,sample_field,,,,
WANG24_LUAG_CE060,LuAG,True,Composition,True,sample_field,,,,
WANG24_LUAG_CE070,LuAG,True,Composition,True,sample_field,,,,
ZHO22_GA_X050,LuAG solid solution,True,Composition,True,sample_field,,,,
ZHO22_GA_X100,LuAG solid solution,True,Composition,True,sample_field,,,,
ZHO22_GA_X150,LuAG solid solution,True,Composition,True,sample_field,,,,
ZHO22_GA_X200,LuAG solid solution,True,Composition,True,sample_field,,,,
ZHO22_SC_X050,LuAG solid solution,True,Composition,True,sample_field,,,,
ZHO22_SC_X100,LuAG solid solution,True,Composition,True,sample_field,,,,
ZHO22_GA_X075,LuAG solid solution,True,Composition,True,sample_field,,,,
ZHO22_GA_X125,LuAG solid solution,True,Composition,True,sample_field,,,,
ZHO22_SC_X075,LuAG solid solution,True,Composition,True,sample_field,,,,
ZHO22_SC_X125,LuAG solid solution,True,Composition,True,sample_field,,,,
MOR16_LUAGG,LuAGG,True,Composition,True,sample_field,,,,
YANG26_LUAGG_GA150,LuAGG,True,Composition,True,sample_field,,,,
YANG26_LUAGG_GA050,LuAGG,True,Composition,True,sample_field,,,,
YANG26_LUAGG_GA075,LuAGG,True,Composition,True,sample_field,,,,
YANG26_LUAGG_GA100,LuAGG,True,Composition,True,sample_field,,,,
YANG26_LUAGG_GA200,LuAGG,True,Composition,True,sample_field,,,,
LING24_LUGDAG_CE005_GD00,LuGdAG,True,Composition,True,sample_field,,,,
LING24_LUGDAG_CE005_GD03,LuGdAG,True,Composition,True,sample_field,,,,
LING24_LUGDAG_CE005_GD06,LuGdAG,True,Composition,True,sample_field,,,,
LING24_LUGDAG_CE005_GD09,LuGdAG,True,Composition,True,sample_field,,,,
LING24_LUGDAG_CE007_GD09,LuGdAG,True,Composition,True,sample_field,,,,
LING24_LUGDAG_CE009_GD09,LuGdAG,True,Composition,True,sample_field,,,,
LING24_LUGDAG_CE011_GD09,LuGdAG,True,Composition,True,sample_field,,,,
LING24_LUGDAG_CE013_GD09,LuGdAG,True,Composition,True,sample_field,,,,
MA20_SCLU15Y15,LuYSAG,True,Composition,True,sample_field,,,,
MA20_SCLU10Y20,LuYSAG,True,Composition,True,sample_field,,,,
MA20_SCLU05Y25,LuYSAG,True,Composition,True,sample_field,,,,
MA20_SCLU00Y30,LuYSAG,True,Composition,True,sample_field,,,,
NIS11_T02,Y3Al5O12,True,Composition,True,sample_field,,,,
LI21_CE100_A000,YAG,True,Composition,True,sample_field,,,,
LI21_CE100_A900,YAG,True,Composition,True,sample_field,,,,
LI21_CE100_A1000,YAG,True,Composition,True,sample_field,,,,
LI21_CE100_A1100,YAG,True,Composition,True,sample_field,,,,
LI21_CE100_A1200,YAG,True,Composition,True,sample_field,,,,
LI21_CE100_A1300,YAG,True,Composition,True,sample_field,,,,
LI21_CE100_A1400,YAG,True,Composition,True,sample_field,,,,
HUA19_YAGG_X000,YAG,True,Composition,True,sample_field,,,,
WAE14_YAG_CE001_T05,YAG,True,Composition,True,sample_field,,,,
WAE14_YAG_CE005_T05,YAG,True,Composition,True,sample_field,,,,
WAE14_YAG_CE010_T05,YAG,True,Composition,True,sample_field,,,,
MA21_YSC00_CE04,YAG,True,Composition,True,sample_field,,,,
HU16_CE005_T040,YAG,True,Composition,True,sample_field,,,,
HU16_CE010_T040,YAG,True,Composition,True,sample_field,,,,
HU16_CE020_T040,YAG,True,Composition,True,sample_field,,,,
HU16_CE050_T040,YAG,True,Composition,True,sample_field,,,,
HU16_CE070_T040,YAG,True,Composition,True,sample_field,,,,
HU16_CE100_T040,YAG,True,Composition,True,sample_field,,,,
HU16_CE010_T025,YAG,True,Composition,True,sample_field,,,,
HU16_CE010_T050,YAG,True,Composition,True,sample_field,,,,
HU16_CE010_T070,YAG,True,Composition,True,sample_field,,,,
HU16_CE010_T100,YAG,True,Composition,True,sample_field,,,,
SHA19_GD00,YAG,True,Composition,True,sample_field,,,,
LI21_CE020_A000,YAG,True,Composition,True,sample_field,,,,
LI21_CE040_A000,YAG,True,Composition,True,sample_field,,,,
LI21_CE060_A000,YAG,True,Composition,True,sample_field,,,,
LI21_CE080_A000,YAG,True,Composition,True,sample_field,,,,
SIN17_X0015,YAG,True,Composition,True,sample_field,,,,
SIN17_X0030,YAG,True,Composition,True,sample_field,,,,
SIN17_X0050,YAG,True,Composition,True,sample_field,,,,
SIN17_X0100,YAG,True,Composition,True,sample_field,,,,
HU15_GD00,YAG,True,Composition,True,sample_field,,,,
LI16_YAG_CE003,YAG,True,Composition,True,sample_field,,,,
BARTA21_YAG,YAG,True,Composition,True,sample_field,,,,
HUA19_YAGG_X100,YAGG,True,Composition,True,sample_field,,,,
HUA19_YAGG_X200,YAGG,True,Composition,True,sample_field,,,,
HUA19_YAGG_X300,YAGG,True,Composition,True,sample_field,,,,
HUA19_YAGG_X400,YAGG,True,Composition,True,sample_field,,,,
MOR16_YAGG,YAGG,True,Composition,True,sample_field,,,,
BARTA21_YAGG_GA1,YAGG,True,Composition,True,sample_field,,,,
BARTA21_YAGG_GA2,YAGG,True,Composition,True,sample_field,,,,
DU18_YAMSG_X00,YAMSG,True,Composition,True,sample_field,,,,
DU18_YAMSG_X05,YAMSG,True,Composition,True,sample_field,,,,
UED11_YSGG_AS,YSGG,True,Composition,True,sample_field,,,,
UED11_YSGG_O2,YSGG,True,Composition,True,sample_field,,,,
LIU19_GDYAG_GD40,"(Y,Gd)AG",False,Composition,True,sample_field,,,,
LIU19_GDYAG_GD50,"(Y,Gd)AG",False,Composition,True,sample_field,,,,
LIU19_ACS_GAGG_T04,GAGG,False,Composition,True,sample_field,,,,
LIU19_ACS_GAGG_T06,GAGG,False,Composition,True,sample_field,,,,
LIU19_ACS_GAGG_T10,GAGG,False,Composition,True,sample_field,,,,
CHE17_GA09,GAGG,False,Composition,True,sample_field,,,,
HOS19_M2_1550,GGAG,False,Composition,True,sample_field,,,,
HOS19_M2_1600,GGAG,False,Composition,True,sample_field,,,,
HOS19_M2_1615,GGAG,False,Composition,True,sample_field,,,,
HOS19_M2_1625,GGAG,False,Composition,True,sample_field,,,,
HOS19_M4_1600,GGAG,False,Composition,True,sample_field,,,,
HOS19_N2_1550,GGAG,False,Composition,True,sample_field,,,,
HOS19_N2_1600,GGAG,False,Composition,True,sample_field,,,,
HOS19_N2_1615,GGAG,False,Composition,True,sample_field,,,,
HOS19_N2_1625,GGAG,False,Composition,True,sample_field,,,,
HIR17_GYAG_CE035,GYAG,False,Composition,True,sample_field,,,,
HIR17_GYAG_CE050,GYAG,False,Composition,True,sample_field,,,,
HIR17_GYAG_CE065,GYAG,False,Composition,True,sample_field,,,,
MA21_GYSC20_CE04,Gd-Y-ScAG,False,Composition,True,sample_field,,,,
MA21_GSC20_CE04,Gd-Y-ScAG,False,Composition,True,sample_field,,,,
MA21_GSC30_CE04,Gd-Y-ScAG,False,Composition,True,sample_field,,,,
SUN20_LMAS_CE08,LMAS,False,Composition,True,sample_field,,,,
SUN20_LMAS_CE02,LMAS,False,Composition,True,sample_field,,,,
SUN20_LMAS_CE04,LMAS,False,Composition,True,sample_field,,,,
SUN20_LMAS_CE06,LMAS,False,Composition,True,sample_field,,,,
SUN20_LMAS_CE10,LMAS,False,Composition,True,sample_field,,,,
SUN20_LMAS_CE12,LMAS,False,Composition,True,sample_field,,,,
LIU14_LUAG,Lu3Al5O12,False,Composition,True,sample_field,,,,
XU14_CE03,Lu3Al5O12,False,Composition,True,sample_field,,,,
XU14_CE05,Lu3Al5O12,False,Composition,True,sample_field,,,,
XU14_CE08,Lu3Al5O12,False,Composition,True,sample_field,,,,
XU14_CE10,Lu3Al5O12,False,Composition,True,sample_field,,,,
XU13_AS,Lu3Al5O12,False,Composition,True,sample_field,,,,
XU13_ANN,Lu3Al5O12,False,Composition,True,sample_field,,,,
XU17_PRISTINE,LuAG,False,Composition,True,sample_field,,,,
XU17_LIF035,LuAG,False,Composition,True,sample_field,,,,
ZHO22_SC_X150,LuAG solid solution,False,Composition,True,sample_field,,,,
ZHO22_SC_X200,LuAG solid solution,False,Composition,True,sample_field,,,,
LING24_LUGDAG_CE005_GD15,LuGdAG,False,Composition,True,sample_field,,,,
LING24_LUGDAG_CE005_GD12,LuGdAG,False,Composition,True,sample_field,,,,
MA20_SCLU30Y00,LuYSAG,False,Composition,True,sample_field,,,,
MA20_SCLU25Y05,LuYSAG,False,Composition,True,sample_field,,,,
MA20_SCLU20Y10,LuYSAG,False,Composition,True,sample_field,,,,
NIS09_T0632,Y3Al5O12,False,Composition,True,sample_field,,,,
NIS11_T01,Y3Al5O12,False,Composition,True,sample_field,,,,
NIS11_T03,Y3Al5O12,False,Composition,True,sample_field,,,,
LIU15_T02,Y3Al5O12,False,Composition,True,sample_field,,,,
LIU15_T03,Y3Al5O12,False,Composition,True,sample_field,,,,
LIU15_T05,Y3Al5O12,False,Composition,True,sample_field,,,,
LIU15_T08,Y3Al5O12,False,Composition,True,sample_field,,,,
LIU15_T15,Y3Al5O12,False,Composition,True,sample_field,,,,
YAO19_CE01,Y3Al5O12,False,Composition,True,sample_field,,,,
YAO19_CE05,Y3Al5O12,False,Composition,True,sample_field,,,,
YAO19_CE10,Y3Al5O12,False,Composition,True,sample_field,,,,
YAO19_CE20,Y3Al5O12,False,Composition,True,sample_field,,,,
ZHU21_PRE1650,Y3Al5O12,False,Composition,True,sample_field,,,,
ZHU21_PRE1700,Y3Al5O12,False,Composition,True,sample_field,,,,
ZHU21_PRE1750,Y3Al5O12,False,Composition,True,sample_field,,,,
SUN21_TUBE,Y3Al5O12,False,Composition,True,sample_field,,,,
SUN19_CE005_S1,Y3Al5O12,False,Composition,True,sample_field,,,,
SUN19_CE005_S2,Y3Al5O12,False,Composition,True,sample_field,,,,
SUN19_CE005_S3,Y3Al5O12,False,Composition,True,sample_field,,,,
SUN19_CE005_S4,Y3Al5O12,False,Composition,True,sample_field,,,,
SUN19_CE005_S5,Y3Al5O12,False,Composition,True,sample_field,,,,
SUN19_CE020_S1,Y3Al5O12,False,Composition,True,sample_field,,,,
SUN19_CE020_S2,Y3Al5O12,False,Composition,True,sample_field,,,,
SUN19_CE020_S3,Y3Al5O12,False,Composition,True,sample_field,,,,
SUN19_CE020_S4,Y3Al5O12,False,Composition,True,sample_field,,,,
SUN19_CE020_S5,Y3Al5O12,False,Composition,True,sample_field,,,,
HUA23_LUYAG_X000,YAG,False,Composition,True,sample_field,,,,
SIN17_X0015_2,YAG,False,Composition,True,sample_field,,,,
SIN17_X0030_2,YAG,False,Composition,True,sample_field,,,,
SIN17_X0050_2,YAG,False,Composition,True,sample_field,,,,
SIN17_X0100_2,YAG,False,Composition,True,sample_field,,,,
SIN17_X0150,YAG,False,Composition,True,sample_field,,,,
SIN17_X0150_2,YAG,False,Composition,True,sample_field,,,,
SIN17_X0200,YAG,False,Composition,True,sample_field,,,,
SIN17_X0200_2,YAG,False,Composition,True,sample_field,,,,
LI21_CE020_A900,YAG,False,Composition,True,sample_field,,,,
LI21_CE020_A1000,YAG,False,Composition,True,sample_field,,,,
LI21_CE020_A1100,YAG,False,Composition,True,sample_field,,,,
LI21_CE020_A1200,YAG,False,Composition,True,sample_field,,,,
LI21_CE020_A1300,YAG,False,Composition,True,sample_field,,,,
LI21_CE020_A1400,YAG,False,Composition,True,sample_field,,,,
LI21_CE040_A900,YAG,False,Composition,True,sample_field,,,,
LI21_CE040_A1000,YAG,False,Composition,True,sample_field,,,,
LI21_CE040_A1100,YAG,False,Composition,True,sample_field,,,,
LI21_CE040_A1200,YAG,False,Composition,True,sample_field,,,,
LI21_CE040_A1300,YAG,False,Composition,True,sample_field,,,,
LI21_CE040_A1400,YAG,False,Composition,True,sample_field,,,,
LI21_CE060_A900,YAG,False,Composition,True,sample_field,,,,
LI21_CE060_A1000,YAG,False,Composition,True,sample_field,,,,
LI21_CE060_A1100,YAG,False,Composition,True,sample_field,,,,
LI21_CE060_A1200,YAG,False,Composition,True,sample_field,,,,
LI21_CE060_A1300,YAG,False,Composition,True,sample_field,,,,
LI21_CE060_A1400,YAG,False,Composition,True,sample_field,,,,
LI21_CE080_A900,YAG,False,Composition,True,sample_field,,,,
LI21_CE080_A1000,YAG,False,Composition,True,sample_field,,,,
LI21_CE080_A1100,YAG,False,Composition,True,sample_field,,,,
LI21_CE080_A1200,YAG,False,Composition,True,sample_field,,,,
LI21_CE080_A1300,YAG,False,Composition,True,sample_field,,,,
LI21_CE080_A1400,YAG,False,Composition,True,sample_field,,,,
OSI17_CE001,YAG,False,Composition,True,sample_field,,,,
OSI17_CE010,YAG,False,Composition,True,sample_field,,,,
OSI17_CE030,YAG,False,Composition,True,sample_field,,,,
OSI17_CE050,YAG,False,Composition,True,sample_field,,,,
WAE14_YAG_CE001_T08,YAG,False,Composition,True,sample_field,,,,
WAE14_YAG_CE005_T08,YAG,False,Composition,True,sample_field,,,,
FEN08_YAG_CE05,YAG,False,Composition,True,sample_field,,,,
FEN08_YAG_CE10,YAG,False,Composition,True,sample_field,,,,
FEN08_YAG_CE20,YAG,False,Composition,True,sample_field,,,,
FEN08_YAG_CE40,YAG,False,Composition,True,sample_field,,,,
MAH16_YAGG_CECR,YAGG,False,Composition,True,sample_field,,,,
BARTA21_YAGG_GA3,YAGG,False,Composition,True,sample_field,,,,
BARTA21_YAGG_GA4,YAGG,False,Composition,True,sample_field,,,,
DU18_YAMSG_X20,YAMSG,False,Composition,True,sample_field,,,,
DU18_YAMSG_X10,YAMSG,False,Composition,True,sample_field,,,,
HUA19_YAGG_X500,YGG,False,Composition,True,sample_field,,,,
MAH16_YGG_CECR,YGG,False,Composition,True,sample_field,,,,
FEN08_YSAG_CE05,YSAG,False,Composition,True,sample_field,,,,
FEN08_YSAG_CE10,YSAG,False,Composition,True,sample_field,,,,
FEN08_YSAG_CE20,YSAG,False,Composition,True,sample_field,,,,
FEN08_YSAG_CE40,YSAG,False,Composition,True,sample_field,,,,
SUN20_GDLUGAG_LU35,"(Gd,Lu)AG",True,Site occupancy,True,sample_field,,,,
HUA23_LUYAG_X020,"(Lu,Y)AG",True,Site occupancy,True,sample_field,,,,
HUA23_LUYAG_X040,"(Lu,Y)AG",True,Site occupancy,True,sample_field,,,,
HUA23_LUYAG_X060,"(Lu,Y)AG",True,Site occupancy,True,sample_field,,,,
HUA23_LUYAG_X080,"(Lu,Y)AG",True,Site occupancy,True,sample_field,,,,
HU15_GD10,"(Y,Gd)AG",True,Site occupancy,True,sample_field,,,,
HU15_GD30,"(Y,Gd)AG",True,Site occupancy,True,sample_field,,,,
HU15_GD40,"(Y,Gd)AG",True,Site occupancy,True,sample_field,,,,
HU15_GD50,"(Y,Gd)AG",True,Site occupancy,True,sample_field,,,,
HU15_GD60,"(Y,Gd)AG",True,Site occupancy,True,sample_field,,,,
HU15_GD70,"(Y,Gd)AG",True,Site occupancy,True,sample_field,,,,
HU15_GD80,"(Y,Gd)AG",True,Site occupancy,True,sample_field,,,,
LIU19_GDYAG_GD00,"(Y,Gd)AG",True,Site occupancy,True,sample_field,,,,
LIU19_GDYAG_GD10,"(Y,Gd)AG",True,Site occupancy,True,sample_field,,,,
LIU19_GDYAG_GD20,"(Y,Gd)AG",True,Site occupancy,True,sample_field,,,,
LIU19_GDYAG_GD30,"(Y,Gd)AG",True,Site occupancy,True,sample_field,,,,
SHA19_GD06,"(Y,Gd)AG",True,Site occupancy,True,sample_field,,,,
SHA19_GD12,"(Y,Gd)AG",True,Site occupancy,True,sample_field,,,,
SHA19_GD18,"(Y,Gd)AG",True,Site occupancy,True,sample_field,,,,
SHA19_GD24,"(Y,Gd)AG",True,Site occupancy,True,sample_field,,,,
SHA19_GD30,"(Y,Gd)AG",True,Site occupancy,True,sample_field,,,,
LI24_CSS_CE08,CSS,True,Site occupancy,True,sample_field,,,,
LI24_CSS_CE02,CSS,True,Site occupancy,True,sample_field,,,,
LI24_CSS_CE04,CSS,True,Site occupancy,True,sample_field,,,,
LI24_CSS_CE06,CSS,True,Site occupancy,True,sample_field,,,,
LI24_CSS_CE10,CSS,True,Site occupancy,True,sample_field,,,,
LI24_CSS_CE12,CSS,True,Site occupancy,True,sample_field,,,,
MOR16_GAGG,GAGG,True,Site occupancy,True,sample_field,,,,
CHE17_GA01,GAGG,True,Site occupancy,True,sample_field,,,,
CHE17_GA03,GAGG,True,Site occupancy,True,sample_field,,,,
CHE17_GA04,GAGG,True,Site occupancy,True,sample_field,,,,
CHE17_GA05,GAGG,True,Site occupancy,True,sample_field,,,,
CHE17_GA07,GAGG,True,Site occupancy,True,sample_field,,,,
LIU19_ACS_GAGG_T08,GAGG,True,Site occupancy,True,sample_field,,,,
HOS19_N4_1600,GGAG,True,Site occupancy,False,sample_field,,,,
MENG20_GLMS_Z00,GLMS,True,Site occupancy,True,sample_field,,,,
MENG20_GLMS_Z05,GLMS,True,Site occupancy,True,sample_field,,,,
MENG20_GLMS_Z10,GLMS,True,Site occupancy,True,sample_field,,,,
MA21_GSC40_CE04,GSAG,True,Site occupancy,True,sample_field,,,,
MA21_GSC40_CE06,GSAG,True,Site occupancy,True,sample_field,,,,
MA21_GSC40_CE08,GSAG,True,Site occupancy,True,sample_field,,,,
MA21_GSC40_CE10,GSAG,True,Site occupancy,True,sample_field,,,,
MA21_GSC40_CE12,GSAG,True,Site occupancy,True,sample_field,,,,
MA21_GYSC00_CE04,Gd-Y-ScAG,True,Site occupancy,True,sample_field,,,,
ZHO22_LUAG_BASE,LuAG,True,Site occupancy,True,sample_field,,,,
HUA23_LUYAG_X0999,LuAG,True,Site occupancy,True,sample_field,,,,
LI16_LUAG_CE003,LuAG,True,Site occupancy,True,sample_field,,,,
WANG24_LUAG_CE005,LuAG,True,Site occupancy,True,sample_field,,,,
WANG24_LUAG_CE010,LuAG,True,Site occupancy,True,sample_field,,,,
WANG24_LUAG_CE020,LuAG,True,Site occupancy,True,sample_field,,,,
WANG24_LUAG_CE030,LuAG,True,Site occupancy,True,sample_field,,,,
WANG24_LUAG_CE035,LuAG,True,Site occupancy,True,sample_field,,,,
WANG24_LUAG_CE040,LuAG,True,Site occupancy,True,sample_field,,,,
WANG24_LUAG_CE045,LuAG,True,Site occupancy,True,sample_field,,,,
WANG24_LUAG_CE050,LuAG,True,Site occupancy,True,sample_field,,,,
WANG24_LUAG_CE055,LuAG,True,Site occupancy,True,sample_field,,,,
WANG24_LUAG_CE060,LuAG,True,Site occupancy,True,sample_field,,,,
WANG24_LUAG_CE070,LuAG,True,Site occupancy,True,sample_field,,,,
ZHO22_GA_X050,LuAG solid solution,True,Site occupancy,True,sample_field,,,,
ZHO22_GA_X100,LuAG solid solution,True,Site occupancy,True,sample_field,,,,
ZHO22_GA_X150,LuAG solid solution,True,Site occupancy,True,sample_field,,,,
ZHO22_GA_X200,LuAG solid solution,True,Site occupancy,True,sample_field,,,,
ZHO22_SC_X050,LuAG solid solution,True,Site occupancy,True,sample_field,,,,
ZHO22_SC_X100,LuAG solid solution,True,Site occupancy,True,sample_field,,,,
ZHO22_GA_X075,LuAG solid solution,True,Site occupancy,True,sample_field,,,,
ZHO22_GA_X125,LuAG solid solution,True,Site occupancy,True,sample_field,,,,
ZHO22_SC_X075,LuAG solid solution,True,Site occupancy,True,sample_field,,,,
ZHO22_SC_X125,LuAG solid solution,True,Site occupancy,True,sample_field,,,,
MOR16_LUAGG,LuAGG,True,Site occupancy,True,sample_field,,,,
YANG26_LUAGG_GA150,LuAGG,True,Site occupancy,True,sample_field,,,,
YANG26_LUAGG_GA050,LuAGG,True,Site occupancy,True,sample_field,,,,
YANG26_LUAGG_GA075,LuAGG,True,Site occupancy,True,sample_field,,,,
YANG26_LUAGG_GA100,LuAGG,True,Site occupancy,True,sample_field,,,,
YANG26_LUAGG_GA200,LuAGG,True,Site occupancy,True,sample_field,,,,
LING24_LUGDAG_CE005_GD00,LuGdAG,True,Site occupancy,True,sample_field,,,,
LING24_LUGDAG_CE005_GD03,LuGdAG,True,Site occupancy,True,sample_field,,,,
LING24_LUGDAG_CE005_GD06,LuGdAG,True,Site occupancy,True,sample_field,,,,
LING24_LUGDAG_CE005_GD09,LuGdAG,True,Site occupancy,True,sample_field,,,,
LING24_LUGDAG_CE007_GD09,LuGdAG,True,Site occupancy,True,sample_field,,,,
LING24_LUGDAG_CE009_GD09,LuGdAG,True,Site occupancy,True,sample_field,,,,
LING24_LUGDAG_CE011_GD09,LuGdAG,True,Site occupancy,True,sample_field,,,,
LING24_LUGDAG_CE013_GD09,LuGdAG,True,Site occupancy,True,sample_field,,,,
MA20_SCLU15Y15,LuYSAG,True,Site occupancy,True,sample_field,,,,
MA20_SCLU10Y20,LuYSAG,True,Site occupancy,True,sample_field,,,,
MA20_SCLU05Y25,LuYSAG,True,Site occupancy,True,sample_field,,,,
MA20_SCLU00Y30,LuYSAG,True,Site occupancy,True,sample_field,,,,
NIS11_T02,Y3Al5O12,True,Site occupancy,True,sample_field,,,,
LI21_CE100_A000,YAG,True,Site occupancy,True,sample_field,,,,
LI21_CE100_A900,YAG,True,Site occupancy,True,sample_field,,,,
LI21_CE100_A1000,YAG,True,Site occupancy,True,sample_field,,,,
LI21_CE100_A1100,YAG,True,Site occupancy,True,sample_field,,,,
LI21_CE100_A1200,YAG,True,Site occupancy,True,sample_field,,,,
LI21_CE100_A1300,YAG,True,Site occupancy,True,sample_field,,,,
LI21_CE100_A1400,YAG,True,Site occupancy,True,sample_field,,,,
HUA19_YAGG_X000,YAG,True,Site occupancy,True,sample_field,,,,
WAE14_YAG_CE001_T05,YAG,True,Site occupancy,True,sample_field,,,,
WAE14_YAG_CE005_T05,YAG,True,Site occupancy,True,sample_field,,,,
WAE14_YAG_CE010_T05,YAG,True,Site occupancy,True,sample_field,,,,
MA21_YSC00_CE04,YAG,True,Site occupancy,True,sample_field,,,,
HU16_CE005_T040,YAG,True,Site occupancy,True,sample_field,,,,
HU16_CE010_T040,YAG,True,Site occupancy,True,sample_field,,,,
HU16_CE020_T040,YAG,True,Site occupancy,True,sample_field,,,,
HU16_CE050_T040,YAG,True,Site occupancy,True,sample_field,,,,
HU16_CE070_T040,YAG,True,Site occupancy,True,sample_field,,,,
HU16_CE100_T040,YAG,True,Site occupancy,True,sample_field,,,,
HU16_CE010_T025,YAG,True,Site occupancy,True,sample_field,,,,
HU16_CE010_T050,YAG,True,Site occupancy,True,sample_field,,,,
HU16_CE010_T070,YAG,True,Site occupancy,True,sample_field,,,,
HU16_CE010_T100,YAG,True,Site occupancy,True,sample_field,,,,
SHA19_GD00,YAG,True,Site occupancy,True,sample_field,,,,
LI21_CE020_A000,YAG,True,Site occupancy,True,sample_field,,,,
LI21_CE040_A000,YAG,True,Site occupancy,True,sample_field,,,,
LI21_CE060_A000,YAG,True,Site occupancy,True,sample_field,,,,
LI21_CE080_A000,YAG,True,Site occupancy,True,sample_field,,,,
SIN17_X0015,YAG,True,Site occupancy,True,sample_field,,,,
SIN17_X0030,YAG,True,Site occupancy,True,sample_field,,,,
SIN17_X0050,YAG,True,Site occupancy,True,sample_field,,,,
SIN17_X0100,YAG,True,Site occupancy,True,sample_field,,,,
HU15_GD00,YAG,True,Site occupancy,True,sample_field,,,,
LI16_YAG_CE003,YAG,True,Site occupancy,True,sample_field,,,,
BARTA21_YAG,YAG,True,Site occupancy,True,sample_field,,,,
HUA19_YAGG_X100,YAGG,True,Site occupancy,True,sample_field,,,,
HUA19_YAGG_X200,YAGG,True,Site occupancy,True,sample_field,,,,
HUA19_YAGG_X300,YAGG,True,Site occupancy,True,sample_field,,,,
HUA19_YAGG_X400,YAGG,True,Site occupancy,True,sample_field,,,,
MOR16_YAGG,YAGG,True,Site occupancy,True,sample_field,,,,
BARTA21_YAGG_GA1,YAGG,True,Site occupancy,True,sample_field,,,,
BARTA21_YAGG_GA2,YAGG,True,Site occupancy,True,sample_field,,,,
DU18_YAMSG_X00,YAMSG,True,Site occupancy,True,sample_field,,,,
DU18_YAMSG_X05,YAMSG,True,Site occupancy,True,sample_field,,,,
UED11_YSGG_AS,YSGG,True,Site occupancy,True,sample_field,,,,
UED11_YSGG_O2,YSGG,True,Site occupancy,True,sample_field,,,,
LIU19_GDYAG_GD40,"(Y,Gd)AG",False,Site occupancy,True,sample_field,,,,
LIU19_GDYAG_GD50,"(Y,Gd)AG",False,Site occupancy,True,sample_field,,,,
LIU19_ACS_GAGG_T04,GAGG,False,Site occupancy,True,sample_field,,,,
LIU19_ACS_GAGG_T06,GAGG,False,Site occupancy,True,sample_field,,,,
LIU19_ACS_GAGG_T10,GAGG,False,Site occupancy,True,sample_field,,,,
CHE17_GA09,GAGG,False,Site occupancy,True,sample_field,,,,
HOS19_M2_1550,GGAG,False,Site occupancy,False,sample_field,,,,
HOS19_M2_1600,GGAG,False,Site occupancy,False,sample_field,,,,
HOS19_M2_1615,GGAG,False,Site occupancy,False,sample_field,,,,
HOS19_M2_1625,GGAG,False,Site occupancy,False,sample_field,,,,
HOS19_M4_1600,GGAG,False,Site occupancy,False,sample_field,,,,
HOS19_N2_1550,GGAG,False,Site occupancy,False,sample_field,,,,
HOS19_N2_1600,GGAG,False,Site occupancy,False,sample_field,,,,
HOS19_N2_1615,GGAG,False,Site occupancy,False,sample_field,,,,
HOS19_N2_1625,GGAG,False,Site occupancy,False,sample_field,,,,
HIR17_GYAG_CE035,GYAG,False,Site occupancy,True,sample_field,,,,
HIR17_GYAG_CE050,GYAG,False,Site occupancy,True,sample_field,,,,
HIR17_GYAG_CE065,GYAG,False,Site occupancy,True,sample_field,,,,
MA21_GYSC20_CE04,Gd-Y-ScAG,False,Site occupancy,True,sample_field,,,,
MA21_GSC20_CE04,Gd-Y-ScAG,False,Site occupancy,True,sample_field,,,,
MA21_GSC30_CE04,Gd-Y-ScAG,False,Site occupancy,True,sample_field,,,,
SUN20_LMAS_CE08,LMAS,False,Site occupancy,True,sample_field,,,,
SUN20_LMAS_CE02,LMAS,False,Site occupancy,True,sample_field,,,,
SUN20_LMAS_CE04,LMAS,False,Site occupancy,True,sample_field,,,,
SUN20_LMAS_CE06,LMAS,False,Site occupancy,True,sample_field,,,,
SUN20_LMAS_CE10,LMAS,False,Site occupancy,True,sample_field,,,,
SUN20_LMAS_CE12,LMAS,False,Site occupancy,True,sample_field,,,,
LIU14_LUAG,Lu3Al5O12,False,Site occupancy,True,sample_field,,,,
XU14_CE03,Lu3Al5O12,False,Site occupancy,True,sample_field,,,,
XU14_CE05,Lu3Al5O12,False,Site occupancy,True,sample_field,,,,
XU14_CE08,Lu3Al5O12,False,Site occupancy,True,sample_field,,,,
XU14_CE10,Lu3Al5O12,False,Site occupancy,True,sample_field,,,,
XU13_AS,Lu3Al5O12,False,Site occupancy,True,sample_field,,,,
XU13_ANN,Lu3Al5O12,False,Site occupancy,True,sample_field,,,,
XU17_PRISTINE,LuAG,False,Site occupancy,True,sample_field,,,,
XU17_LIF035,LuAG,False,Site occupancy,True,sample_field,,,,
ZHO22_SC_X150,LuAG solid solution,False,Site occupancy,True,sample_field,,,,
ZHO22_SC_X200,LuAG solid solution,False,Site occupancy,True,sample_field,,,,
LING24_LUGDAG_CE005_GD15,LuGdAG,False,Site occupancy,True,sample_field,,,,
LING24_LUGDAG_CE005_GD12,LuGdAG,False,Site occupancy,True,sample_field,,,,
MA20_SCLU30Y00,LuYSAG,False,Site occupancy,True,sample_field,,,,
MA20_SCLU25Y05,LuYSAG,False,Site occupancy,True,sample_field,,,,
MA20_SCLU20Y10,LuYSAG,False,Site occupancy,True,sample_field,,,,
NIS09_T0632,Y3Al5O12,False,Site occupancy,True,sample_field,,,,
NIS11_T01,Y3Al5O12,False,Site occupancy,True,sample_field,,,,
NIS11_T03,Y3Al5O12,False,Site occupancy,True,sample_field,,,,
LIU15_T02,Y3Al5O12,False,Site occupancy,True,sample_field,,,,
LIU15_T03,Y3Al5O12,False,Site occupancy,True,sample_field,,,,
LIU15_T05,Y3Al5O12,False,Site occupancy,True,sample_field,,,,
LIU15_T08,Y3Al5O12,False,Site occupancy,True,sample_field,,,,
LIU15_T15,Y3Al5O12,False,Site occupancy,True,sample_field,,,,
YAO19_CE01,Y3Al5O12,False,Site occupancy,True,sample_field,,,,
YAO19_CE05,Y3Al5O12,False,Site occupancy,True,sample_field,,,,
YAO19_CE10,Y3Al5O12,False,Site occupancy,True,sample_field,,,,
YAO19_CE20,Y3Al5O12,False,Site occupancy,True,sample_field,,,,
ZHU21_PRE1650,Y3Al5O12,False,Site occupancy,True,sample_field,,,,
ZHU21_PRE1700,Y3Al5O12,False,Site occupancy,True,sample_field,,,,
ZHU21_PRE1750,Y3Al5O12,False,Site occupancy,True,sample_field,,,,
SUN21_TUBE,Y3Al5O12,False,Site occupancy,True,sample_field,,,,
SUN19_CE005_S1,Y3Al5O12,False,Site occupancy,True,sample_field,,,,
SUN19_CE005_S2,Y3Al5O12,False,Site occupancy,True,sample_field,,,,
SUN19_CE005_S3,Y3Al5O12,False,Site occupancy,True,sample_field,,,,
SUN19_CE005_S4,Y3Al5O12,False,Site occupancy,True,sample_field,,,,
SUN19_CE005_S5,Y3Al5O12,False,Site occupancy,True,sample_field,,,,
SUN19_CE020_S1,Y3Al5O12,False,Site occupancy,True,sample_field,,,,
SUN19_CE020_S2,Y3Al5O12,False,Site occupancy,True,sample_field,,,,
SUN19_CE020_S3,Y3Al5O12,False,Site occupancy,True,sample_field,,,,
SUN19_CE020_S4,Y3Al5O12,False,Site occupancy,True,sample_field,,,,
SUN19_CE020_S5,Y3Al5O12,False,Site occupancy,True,sample_field,,,,
HUA23_LUYAG_X000,YAG,False,Site occupancy,True,sample_field,,,,
SIN17_X0015_2,YAG,False,Site occupancy,True,sample_field,,,,
SIN17_X0030_2,YAG,False,Site occupancy,True,sample_field,,,,
SIN17_X0050_2,YAG,False,Site occupancy,True,sample_field,,,,
SIN17_X0100_2,YAG,False,Site occupancy,True,sample_field,,,,
SIN17_X0150,YAG,False,Site occupancy,True,sample_field,,,,
SIN17_X0150_2,YAG,False,Site occupancy,True,sample_field,,,,
SIN17_X0200,YAG,False,Site occupancy,True,sample_field,,,,
SIN17_X0200_2,YAG,False,Site occupancy,True,sample_field,,,,
LI21_CE020_A900,YAG,False,Site occupancy,True,sample_field,,,,
LI21_CE020_A1000,YAG,False,Site occupancy,True,sample_field,,,,
LI21_CE020_A1100,YAG,False,Site occupancy,True,sample_field,,,,
LI21_CE020_A1200,YAG,False,Site occupancy,True,sample_field,,,,
LI21_CE020_A1300,YAG,False,Site occupancy,True,sample_field,,,,
LI21_CE020_A1400,YAG,False,Site occupancy,True,sample_field,,,,
LI21_CE040_A900,YAG,False,Site occupancy,True,sample_field,,,,
LI21_CE040_A1000,YAG,False,Site occupancy,True,sample_field,,,,
LI21_CE040_A1100,YAG,False,Site occupancy,True,sample_field,,,,
LI21_CE040_A1200,YAG,False,Site occupancy,True,sample_field,,,,
LI21_CE040_A1300,YAG,False,Site occupancy,True,sample_field,,,,
LI21_CE040_A1400,YAG,False,Site occupancy,True,sample_field,,,,
LI21_CE060_A900,YAG,False,Site occupancy,True,sample_field,,,,
LI21_CE060_A1000,YAG,False,Site occupancy,True,sample_field,,,,
LI21_CE060_A1100,YAG,False,Site occupancy,True,sample_field,,,,
LI21_CE060_A1200,YAG,False,Site occupancy,True,sample_field,,,,
LI21_CE060_A1300,YAG,False,Site occupancy,True,sample_field,,,,
LI21_CE060_A1400,YAG,False,Site occupancy,True,sample_field,,,,
LI21_CE080_A900,YAG,False,Site occupancy,True,sample_field,,,,
LI21_CE080_A1000,YAG,False,Site occupancy,True,sample_field,,,,
LI21_CE080_A1100,YAG,False,Site occupancy,True,sample_field,,,,
LI21_CE080_A1200,YAG,False,Site occupancy,True,sample_field,,,,
LI21_CE080_A1300,YAG,False,Site occupancy,True,sample_field,,,,
LI21_CE080_A1400,YAG,False,Site occupancy,True,sample_field,,,,
OSI17_CE001,YAG,False,Site occupancy,True,sample_field,,,,
OSI17_CE010,YAG,False,Site occupancy,True,sample_field,,,,
OSI17_CE030,YAG,False,Site occupancy,True,sample_field,,,,
OSI17_CE050,YAG,False,Site occupancy,True,sample_field,,,,
WAE14_YAG_CE001_T08,YAG,False,Site occupancy,True,sample_field,,,,
WAE14_YAG_CE005_T08,YAG,False,Site occupancy,True,sample_field,,,,
FEN08_YAG_CE05,YAG,False,Site occupancy,True,sample_field,,,,
FEN08_YAG_CE10,YAG,False,Site occupancy,True,sample_field,,,,
FEN08_YAG_CE20,YAG,False,Site occupancy,True,sample_field,,,,
FEN08_YAG_CE40,YAG,False,Site occupancy,True,sample_field,,,,
MAH16_YAGG_CECR,YAGG,False,Site occupancy,True,sample_field,,,,
BARTA21_YAGG_GA3,YAGG,False,Site occupancy,True,sample_field,,,,
BARTA21_YAGG_GA4,YAGG,False,Site occupancy,True,sample_field,,,,
DU18_YAMSG_X20,YAMSG,False,Site occupancy,True,sample_field,,,,
DU18_YAMSG_X10,YAMSG,False,Site occupancy,True,sample_field,,,,
HUA19_YAGG_X500,YGG,False,Site occupancy,True,sample_field,,,,
MAH16_YGG_CECR,YGG,False,Site occupancy,True,sample_field,,,,
FEN08_YSAG_CE05,YSAG,False,Site occupancy,True,sample_field,,,,
FEN08_YSAG_CE10,YSAG,False,Site occupancy,True,sample_field,,,,
FEN08_YSAG_CE20,YSAG,False,Site occupancy,True,sample_field,,,,
FEN08_YSAG_CE40,YSAG,False,Site occupancy,True,sample_field,,,,
SUN20_GDLUGAG_LU35,"(Gd,Lu)AG",True,RT PL,True,sample_field,,,,
HUA23_LUYAG_X020,"(Lu,Y)AG",True,RT PL,True,sample_field,,,,
HUA23_LUYAG_X040,"(Lu,Y)AG",True,RT PL,True,sample_field,,,,
HUA23_LUYAG_X060,"(Lu,Y)AG",True,RT PL,True,sample_field,,,,
HUA23_LUYAG_X080,"(Lu,Y)AG",True,RT PL,True,sample_field,,,,
HU15_GD10,"(Y,Gd)AG",True,RT PL,True,sample_field,,,,
HU15_GD30,"(Y,Gd)AG",True,RT PL,True,sample_field,,,,
HU15_GD40,"(Y,Gd)AG",True,RT PL,True,sample_field,,,,
HU15_GD50,"(Y,Gd)AG",True,RT PL,True,sample_field,,,,
HU15_GD60,"(Y,Gd)AG",True,RT PL,True,sample_field,,,,
HU15_GD70,"(Y,Gd)AG",True,RT PL,True,sample_field,,,,
HU15_GD80,"(Y,Gd)AG",True,RT PL,True,sample_field,,,,
LIU19_GDYAG_GD00,"(Y,Gd)AG",True,RT PL,True,sample_field,,,,
LIU19_GDYAG_GD10,"(Y,Gd)AG",True,RT PL,True,sample_field,,,,
LIU19_GDYAG_GD20,"(Y,Gd)AG",True,RT PL,True,sample_field,,,,
LIU19_GDYAG_GD30,"(Y,Gd)AG",True,RT PL,True,sample_field,,,,
SHA19_GD06,"(Y,Gd)AG",True,RT PL,True,sample_field,,,,
SHA19_GD12,"(Y,Gd)AG",True,RT PL,True,sample_field,,,,
SHA19_GD18,"(Y,Gd)AG",True,RT PL,True,sample_field,,,,
SHA19_GD24,"(Y,Gd)AG",True,RT PL,True,sample_field,,,,
SHA19_GD30,"(Y,Gd)AG",True,RT PL,True,sample_field,,,,
LI24_CSS_CE08,CSS,True,RT PL,True,sample_field,,,,
LI24_CSS_CE02,CSS,True,RT PL,True,sample_field,,,,
LI24_CSS_CE04,CSS,True,RT PL,True,sample_field,,,,
LI24_CSS_CE06,CSS,True,RT PL,True,sample_field,,,,
LI24_CSS_CE10,CSS,True,RT PL,True,sample_field,,,,
LI24_CSS_CE12,CSS,True,RT PL,True,sample_field,,,,
MOR16_GAGG,GAGG,True,RT PL,True,sample_field,,,,
CHE17_GA01,GAGG,True,RT PL,True,sample_field,,,,
CHE17_GA03,GAGG,True,RT PL,True,sample_field,,,,
CHE17_GA04,GAGG,True,RT PL,True,sample_field,,,,
CHE17_GA05,GAGG,True,RT PL,True,sample_field,,,,
CHE17_GA07,GAGG,True,RT PL,True,sample_field,,,,
LIU19_ACS_GAGG_T08,GAGG,True,RT PL,True,sample_field,,,,
HOS19_N4_1600,GGAG,True,RT PL,True,sample_field,,,,
MENG20_GLMS_Z00,GLMS,True,RT PL,True,sample_field,,,,
MENG20_GLMS_Z05,GLMS,True,RT PL,True,sample_field,,,,
MENG20_GLMS_Z10,GLMS,True,RT PL,True,sample_field,,,,
MA21_GSC40_CE04,GSAG,True,RT PL,True,sample_field,,,,
MA21_GSC40_CE06,GSAG,True,RT PL,True,sample_field,,,,
MA21_GSC40_CE08,GSAG,True,RT PL,True,sample_field,,,,
MA21_GSC40_CE10,GSAG,True,RT PL,True,sample_field,,,,
MA21_GSC40_CE12,GSAG,True,RT PL,True,sample_field,,,,
MA21_GYSC00_CE04,Gd-Y-ScAG,True,RT PL,True,sample_field,,,,
ZHO22_LUAG_BASE,LuAG,True,RT PL,True,sample_field,,,,
HUA23_LUYAG_X0999,LuAG,True,RT PL,True,sample_field,,,,
LI16_LUAG_CE003,LuAG,True,RT PL,True,sample_field,,,,
WANG24_LUAG_CE005,LuAG,True,RT PL,True,sample_field,,,,
WANG24_LUAG_CE010,LuAG,True,RT PL,True,sample_field,,,,
WANG24_LUAG_CE020,LuAG,True,RT PL,True,sample_field,,,,
WANG24_LUAG_CE030,LuAG,True,RT PL,True,sample_field,,,,
WANG24_LUAG_CE035,LuAG,True,RT PL,True,sample_field,,,,
WANG24_LUAG_CE040,LuAG,True,RT PL,True,sample_field,,,,
WANG24_LUAG_CE045,LuAG,True,RT PL,True,sample_field,,,,
WANG24_LUAG_CE050,LuAG,True,RT PL,True,sample_field,,,,
WANG24_LUAG_CE055,LuAG,True,RT PL,True,sample_field,,,,
WANG24_LUAG_CE060,LuAG,True,RT PL,True,sample_field,,,,
WANG24_LUAG_CE070,LuAG,True,RT PL,True,sample_field,,,,
ZHO22_GA_X050,LuAG solid solution,True,RT PL,True,sample_field,,,,
ZHO22_GA_X100,LuAG solid solution,True,RT PL,True,sample_field,,,,
ZHO22_GA_X150,LuAG solid solution,True,RT PL,True,sample_field,,,,
ZHO22_GA_X200,LuAG solid solution,True,RT PL,True,sample_field,,,,
ZHO22_SC_X050,LuAG solid solution,True,RT PL,True,sample_field,,,,
ZHO22_SC_X100,LuAG solid solution,True,RT PL,True,sample_field,,,,
ZHO22_GA_X075,LuAG solid solution,True,RT PL,True,sample_field,,,,
ZHO22_GA_X125,LuAG solid solution,True,RT PL,True,sample_field,,,,
ZHO22_SC_X075,LuAG solid solution,True,RT PL,True,sample_field,,,,
ZHO22_SC_X125,LuAG solid solution,True,RT PL,True,sample_field,,,,
MOR16_LUAGG,LuAGG,True,RT PL,True,sample_field,,,,
YANG26_LUAGG_GA150,LuAGG,True,RT PL,True,sample_field,,,,
YANG26_LUAGG_GA050,LuAGG,True,RT PL,True,sample_field,,,,
YANG26_LUAGG_GA075,LuAGG,True,RT PL,True,sample_field,,,,
YANG26_LUAGG_GA100,LuAGG,True,RT PL,True,sample_field,,,,
YANG26_LUAGG_GA200,LuAGG,True,RT PL,True,sample_field,,,,
LING24_LUGDAG_CE005_GD00,LuGdAG,True,RT PL,True,sample_field,,,,
LING24_LUGDAG_CE005_GD03,LuGdAG,True,RT PL,True,sample_field,,,,
LING24_LUGDAG_CE005_GD06,LuGdAG,True,RT PL,True,sample_field,,,,
LING24_LUGDAG_CE005_GD09,LuGdAG,True,RT PL,True,sample_field,,,,
LING24_LUGDAG_CE007_GD09,LuGdAG,True,RT PL,True,sample_field,,,,
LING24_LUGDAG_CE009_GD09,LuGdAG,True,RT PL,True,sample_field,,,,
LING24_LUGDAG_CE011_GD09,LuGdAG,True,RT PL,True,sample_field,,,,
LING24_LUGDAG_CE013_GD09,LuGdAG,True,RT PL,True,sample_field,,,,
MA20_SCLU15Y15,LuYSAG,True,RT PL,True,sample_field,,,,
MA20_SCLU10Y20,LuYSAG,True,RT PL,True,sample_field,,,,
MA20_SCLU05Y25,LuYSAG,True,RT PL,True,sample_field,,,,
MA20_SCLU00Y30,LuYSAG,True,RT PL,True,sample_field,,,,
NIS11_T02,Y3Al5O12,True,RT PL,True,sample_field,,,,
LI21_CE100_A000,YAG,True,RT PL,True,sample_field,,,,
LI21_CE100_A900,YAG,True,RT PL,True,sample_field,,,,
LI21_CE100_A1000,YAG,True,RT PL,True,sample_field,,,,
LI21_CE100_A1100,YAG,True,RT PL,True,sample_field,,,,
LI21_CE100_A1200,YAG,True,RT PL,True,sample_field,,,,
LI21_CE100_A1300,YAG,True,RT PL,True,sample_field,,,,
LI21_CE100_A1400,YAG,True,RT PL,True,sample_field,,,,
HUA19_YAGG_X000,YAG,True,RT PL,True,sample_field,,,,
WAE14_YAG_CE001_T05,YAG,True,RT PL,True,sample_field,,,,
WAE14_YAG_CE005_T05,YAG,True,RT PL,True,sample_field,,,,
WAE14_YAG_CE010_T05,YAG,True,RT PL,True,sample_field,,,,
MA21_YSC00_CE04,YAG,True,RT PL,True,sample_field,,,,
HU16_CE005_T040,YAG,True,RT PL,True,sample_field,,,,
HU16_CE010_T040,YAG,True,RT PL,True,sample_field,,,,
HU16_CE020_T040,YAG,True,RT PL,True,sample_field,,,,
HU16_CE050_T040,YAG,True,RT PL,True,sample_field,,,,
HU16_CE070_T040,YAG,True,RT PL,True,sample_field,,,,
HU16_CE100_T040,YAG,True,RT PL,True,sample_field,,,,
HU16_CE010_T025,YAG,True,RT PL,True,sample_field,,,,
HU16_CE010_T050,YAG,True,RT PL,True,sample_field,,,,
HU16_CE010_T070,YAG,True,RT PL,True,sample_field,,,,
HU16_CE010_T100,YAG,True,RT PL,True,sample_field,,,,
SHA19_GD00,YAG,True,RT PL,True,sample_field,,,,
LI21_CE020_A000,YAG,True,RT PL,True,sample_field,,,,
LI21_CE040_A000,YAG,True,RT PL,True,sample_field,,,,
LI21_CE060_A000,YAG,True,RT PL,True,sample_field,,,,
LI21_CE080_A000,YAG,True,RT PL,True,sample_field,,,,
SIN17_X0015,YAG,True,RT PL,True,sample_field,,,,
SIN17_X0030,YAG,True,RT PL,True,sample_field,,,,
SIN17_X0050,YAG,True,RT PL,True,sample_field,,,,
SIN17_X0100,YAG,True,RT PL,True,sample_field,,,,
HU15_GD00,YAG,True,RT PL,True,sample_field,,,,
LI16_YAG_CE003,YAG,True,RT PL,True,sample_field,,,,
BARTA21_YAG,YAG,True,RT PL,True,sample_field,,,,
HUA19_YAGG_X100,YAGG,True,RT PL,True,sample_field,,,,
HUA19_YAGG_X200,YAGG,True,RT PL,True,sample_field,,,,
HUA19_YAGG_X300,YAGG,True,RT PL,True,sample_field,,,,
HUA19_YAGG_X400,YAGG,True,RT PL,True,sample_field,,,,
MOR16_YAGG,YAGG,True,RT PL,True,sample_field,,,,
BARTA21_YAGG_GA1,YAGG,True,RT PL,True,sample_field,,,,
BARTA21_YAGG_GA2,YAGG,True,RT PL,True,sample_field,,,,
DU18_YAMSG_X00,YAMSG,True,RT PL,True,sample_field,,,,
DU18_YAMSG_X05,YAMSG,True,RT PL,True,sample_field,,,,
UED11_YSGG_AS,YSGG,True,RT PL,True,sample_field,,,,
UED11_YSGG_O2,YSGG,True,RT PL,True,sample_field,,,,
LIU19_GDYAG_GD40,"(Y,Gd)AG",False,RT PL,True,sample_field,,,,
LIU19_GDYAG_GD50,"(Y,Gd)AG",False,RT PL,True,sample_field,,,,
LIU19_ACS_GAGG_T04,GAGG,False,RT PL,True,sample_field,,,,
LIU19_ACS_GAGG_T06,GAGG,False,RT PL,True,sample_field,,,,
LIU19_ACS_GAGG_T10,GAGG,False,RT PL,True,sample_field,,,,
CHE17_GA09,GAGG,False,RT PL,False,sample_field,,,,
HOS19_M2_1550,GGAG,False,RT PL,False,sample_field,,,,
HOS19_M2_1600,GGAG,False,RT PL,False,sample_field,,,,
HOS19_M2_1615,GGAG,False,RT PL,False,sample_field,,,,
HOS19_M2_1625,GGAG,False,RT PL,False,sample_field,,,,
HOS19_M4_1600,GGAG,False,RT PL,False,sample_field,,,,
HOS19_N2_1550,GGAG,False,RT PL,False,sample_field,,,,
HOS19_N2_1600,GGAG,False,RT PL,False,sample_field,,,,
HOS19_N2_1615,GGAG,False,RT PL,False,sample_field,,,,
HOS19_N2_1625,GGAG,False,RT PL,False,sample_field,,,,
HIR17_GYAG_CE035,GYAG,False,RT PL,False,sample_field,,,,
HIR17_GYAG_CE050,GYAG,False,RT PL,False,sample_field,,,,
HIR17_GYAG_CE065,GYAG,False,RT PL,False,sample_field,,,,
MA21_GYSC20_CE04,Gd-Y-ScAG,False,RT PL,True,sample_field,,,,
MA21_GSC20_CE04,Gd-Y-ScAG,False,RT PL,True,sample_field,,,,
MA21_GSC30_CE04,Gd-Y-ScAG,False,RT PL,True,sample_field,,,,
SUN20_LMAS_CE08,LMAS,False,RT PL,True,sample_field,,,,
SUN20_LMAS_CE02,LMAS,False,RT PL,True,sample_field,,,,
SUN20_LMAS_CE04,LMAS,False,RT PL,True,sample_field,,,,
SUN20_LMAS_CE06,LMAS,False,RT PL,True,sample_field,,,,
SUN20_LMAS_CE10,LMAS,False,RT PL,True,sample_field,,,,
SUN20_LMAS_CE12,LMAS,False,RT PL,True,sample_field,,,,
LIU14_LUAG,Lu3Al5O12,False,RT PL,False,sample_field,,,,
XU14_CE03,Lu3Al5O12,False,RT PL,False,sample_field,,,,
XU14_CE05,Lu3Al5O12,False,RT PL,False,sample_field,,,,
XU14_CE08,Lu3Al5O12,False,RT PL,False,sample_field,,,,
XU14_CE10,Lu3Al5O12,False,RT PL,False,sample_field,,,,
XU13_AS,Lu3Al5O12,False,RT PL,False,sample_field,,,,
XU13_ANN,Lu3Al5O12,False,RT PL,False,sample_field,,,,
XU17_PRISTINE,LuAG,False,RT PL,True,sample_field,,,,
XU17_LIF035,LuAG,False,RT PL,True,sample_field,,,,
ZHO22_SC_X150,LuAG solid solution,False,RT PL,True,sample_field,,,,
ZHO22_SC_X200,LuAG solid solution,False,RT PL,True,sample_field,,,,
LING24_LUGDAG_CE005_GD15,LuGdAG,False,RT PL,True,sample_field,,,,
LING24_LUGDAG_CE005_GD12,LuGdAG,False,RT PL,True,sample_field,,,,
MA20_SCLU30Y00,LuYSAG,False,RT PL,True,sample_field,,,,
MA20_SCLU25Y05,LuYSAG,False,RT PL,True,sample_field,,,,
MA20_SCLU20Y10,LuYSAG,False,RT PL,True,sample_field,,,,
NIS09_T0632,Y3Al5O12,False,RT PL,True,sample_field,,,,
NIS11_T01,Y3Al5O12,False,RT PL,False,sample_field,,,,
NIS11_T03,Y3Al5O12,False,RT PL,False,sample_field,,,,
LIU15_T02,Y3Al5O12,False,RT PL,False,sample_field,,,,
LIU15_T03,Y3Al5O12,False,RT PL,False,sample_field,,,,
LIU15_T05,Y3Al5O12,False,RT PL,False,sample_field,,,,
LIU15_T08,Y3Al5O12,False,RT PL,False,sample_field,,,,
LIU15_T15,Y3Al5O12,False,RT PL,False,sample_field,,,,
YAO19_CE01,Y3Al5O12,False,RT PL,False,sample_field,,,,
YAO19_CE05,Y3Al5O12,False,RT PL,False,sample_field,,,,
YAO19_CE10,Y3Al5O12,False,RT PL,False,sample_field,,,,
YAO19_CE20,Y3Al5O12,False,RT PL,False,sample_field,,,,
ZHU21_PRE1650,Y3Al5O12,False,RT PL,False,sample_field,,,,
ZHU21_PRE1700,Y3Al5O12,False,RT PL,False,sample_field,,,,
ZHU21_PRE1750,Y3Al5O12,False,RT PL,False,sample_field,,,,
SUN21_TUBE,Y3Al5O12,False,RT PL,False,sample_field,,,,
SUN19_CE005_S1,Y3Al5O12,False,RT PL,False,sample_field,,,,
SUN19_CE005_S2,Y3Al5O12,False,RT PL,False,sample_field,,,,
SUN19_CE005_S3,Y3Al5O12,False,RT PL,False,sample_field,,,,
SUN19_CE005_S4,Y3Al5O12,False,RT PL,False,sample_field,,,,
SUN19_CE005_S5,Y3Al5O12,False,RT PL,False,sample_field,,,,
SUN19_CE020_S1,Y3Al5O12,False,RT PL,False,sample_field,,,,
SUN19_CE020_S2,Y3Al5O12,False,RT PL,False,sample_field,,,,
SUN19_CE020_S3,Y3Al5O12,False,RT PL,False,sample_field,,,,
SUN19_CE020_S4,Y3Al5O12,False,RT PL,False,sample_field,,,,
SUN19_CE020_S5,Y3Al5O12,False,RT PL,False,sample_field,,,,
HUA23_LUYAG_X000,YAG,False,RT PL,True,sample_field,,,,
SIN17_X0015_2,YAG,False,RT PL,True,sample_field,,,,
SIN17_X0030_2,YAG,False,RT PL,True,sample_field,,,,
SIN17_X0050_2,YAG,False,RT PL,True,sample_field,,,,
SIN17_X0100_2,YAG,False,RT PL,True,sample_field,,,,
SIN17_X0150,YAG,False,RT PL,True,sample_field,,,,
SIN17_X0150_2,YAG,False,RT PL,True,sample_field,,,,
SIN17_X0200,YAG,False,RT PL,True,sample_field,,,,
SIN17_X0200_2,YAG,False,RT PL,True,sample_field,,,,
LI21_CE020_A900,YAG,False,RT PL,False,sample_field,,,,
LI21_CE020_A1000,YAG,False,RT PL,False,sample_field,,,,
LI21_CE020_A1100,YAG,False,RT PL,False,sample_field,,,,
LI21_CE020_A1200,YAG,False,RT PL,False,sample_field,,,,
LI21_CE020_A1300,YAG,False,RT PL,False,sample_field,,,,
LI21_CE020_A1400,YAG,False,RT PL,False,sample_field,,,,
LI21_CE040_A900,YAG,False,RT PL,False,sample_field,,,,
LI21_CE040_A1000,YAG,False,RT PL,False,sample_field,,,,
LI21_CE040_A1100,YAG,False,RT PL,False,sample_field,,,,
LI21_CE040_A1200,YAG,False,RT PL,False,sample_field,,,,
LI21_CE040_A1300,YAG,False,RT PL,False,sample_field,,,,
LI21_CE040_A1400,YAG,False,RT PL,False,sample_field,,,,
LI21_CE060_A900,YAG,False,RT PL,False,sample_field,,,,
LI21_CE060_A1000,YAG,False,RT PL,False,sample_field,,,,
LI21_CE060_A1100,YAG,False,RT PL,False,sample_field,,,,
LI21_CE060_A1200,YAG,False,RT PL,False,sample_field,,,,
LI21_CE060_A1300,YAG,False,RT PL,False,sample_field,,,,
LI21_CE060_A1400,YAG,False,RT PL,False,sample_field,,,,
LI21_CE080_A900,YAG,False,RT PL,False,sample_field,,,,
LI21_CE080_A1000,YAG,False,RT PL,False,sample_field,,,,
LI21_CE080_A1100,YAG,False,RT PL,False,sample_field,,,,
LI21_CE080_A1200,YAG,False,RT PL,False,sample_field,,,,
LI21_CE080_A1300,YAG,False,RT PL,False,sample_field,,,,
LI21_CE080_A1400,YAG,False,RT PL,False,sample_field,,,,
OSI17_CE001,YAG,False,RT PL,False,sample_field,,,,
OSI17_CE010,YAG,False,RT PL,False,sample_field,,,,
OSI17_CE030,YAG,False,RT PL,False,sample_field,,,,
OSI17_CE050,YAG,False,RT PL,False,sample_field,,,,
WAE14_YAG_CE001_T08,YAG,False,RT PL,False,sample_field,,,,
WAE14_YAG_CE005_T08,YAG,False,RT PL,False,sample_field,,,,
FEN08_YAG_CE05,YAG,False,RT PL,False,sample_field,,,,
FEN08_YAG_CE10,YAG,False,RT PL,False,sample_field,,,,
FEN08_YAG_CE20,YAG,False,RT PL,False,sample_field,,,,
FEN08_YAG_CE40,YAG,False,RT PL,False,sample_field,,,,
MAH16_YAGG_CECR,YAGG,False,RT PL,True,sample_field,,,,
BARTA21_YAGG_GA3,YAGG,False,RT PL,True,sample_field,,,,
BARTA21_YAGG_GA4,YAGG,False,RT PL,True,sample_field,,,,
DU18_YAMSG_X20,YAMSG,False,RT PL,True,sample_field,,,,
DU18_YAMSG_X10,YAMSG,False,RT PL,True,sample_field,,,,
HUA19_YAGG_X500,YGG,False,RT PL,False,sample_field,,,,
MAH16_YGG_CECR,YGG,False,RT PL,False,sample_field,,,,
FEN08_YSAG_CE05,YSAG,False,RT PL,False,sample_field,,,,
FEN08_YSAG_CE10,YSAG,False,RT PL,False,sample_field,,,,
FEN08_YSAG_CE20,YSAG,False,RT PL,False,sample_field,,,,
FEN08_YSAG_CE40,YSAG,False,RT PL,False,sample_field,,,,
SUN20_GDLUGAG_LU35,"(Gd,Lu)AG",True,PLE 5d1,True,sample_field,,,,
HUA23_LUYAG_X020,"(Lu,Y)AG",True,PLE 5d1,True,sample_field,,,,
HUA23_LUYAG_X040,"(Lu,Y)AG",True,PLE 5d1,True,sample_field,,,,
HUA23_LUYAG_X060,"(Lu,Y)AG",True,PLE 5d1,True,sample_field,,,,
HUA23_LUYAG_X080,"(Lu,Y)AG",True,PLE 5d1,True,sample_field,,,,
HU15_GD10,"(Y,Gd)AG",True,PLE 5d1,False,sample_field,,,,
HU15_GD30,"(Y,Gd)AG",True,PLE 5d1,False,sample_field,,,,
HU15_GD40,"(Y,Gd)AG",True,PLE 5d1,False,sample_field,,,,
HU15_GD50,"(Y,Gd)AG",True,PLE 5d1,False,sample_field,,,,
HU15_GD60,"(Y,Gd)AG",True,PLE 5d1,False,sample_field,,,,
HU15_GD70,"(Y,Gd)AG",True,PLE 5d1,False,sample_field,,,,
HU15_GD80,"(Y,Gd)AG",True,PLE 5d1,False,sample_field,,,,
LIU19_GDYAG_GD00,"(Y,Gd)AG",True,PLE 5d1,True,sample_field,,,,
LIU19_GDYAG_GD10,"(Y,Gd)AG",True,PLE 5d1,True,sample_field,,,,
LIU19_GDYAG_GD20,"(Y,Gd)AG",True,PLE 5d1,True,sample_field,,,,
LIU19_GDYAG_GD30,"(Y,Gd)AG",True,PLE 5d1,True,sample_field,,,,
SHA19_GD06,"(Y,Gd)AG",True,PLE 5d1,False,sample_field,,,,
SHA19_GD12,"(Y,Gd)AG",True,PLE 5d1,False,sample_field,,,,
SHA19_GD18,"(Y,Gd)AG",True,PLE 5d1,False,sample_field,,,,
SHA19_GD24,"(Y,Gd)AG",True,PLE 5d1,False,sample_field,,,,
SHA19_GD30,"(Y,Gd)AG",True,PLE 5d1,False,sample_field,,,,
LI24_CSS_CE08,CSS,True,PLE 5d1,True,sample_field,,,,
LI24_CSS_CE02,CSS,True,PLE 5d1,True,sample_field,,,,
LI24_CSS_CE04,CSS,True,PLE 5d1,True,sample_field,,,,
LI24_CSS_CE06,CSS,True,PLE 5d1,True,sample_field,,,,
LI24_CSS_CE10,CSS,True,PLE 5d1,True,sample_field,,,,
LI24_CSS_CE12,CSS,True,PLE 5d1,True,sample_field,,,,
MOR16_GAGG,GAGG,True,PLE 5d1,True,sample_field,,,,
CHE17_GA01,GAGG,True,PLE 5d1,True,sample_field,,,,
CHE17_GA03,GAGG,True,PLE 5d1,True,sample_field,,,,
CHE17_GA04,GAGG,True,PLE 5d1,True,sample_field,,,,
CHE17_GA05,GAGG,True,PLE 5d1,True,sample_field,,,,
CHE17_GA07,GAGG,True,PLE 5d1,True,sample_field,,,,
LIU19_ACS_GAGG_T08,GAGG,True,PLE 5d1,True,sample_field,,,,
HOS19_N4_1600,GGAG,True,PLE 5d1,True,sample_field,,,,
MENG20_GLMS_Z00,GLMS,True,PLE 5d1,False,sample_field,,,,
MENG20_GLMS_Z05,GLMS,True,PLE 5d1,False,sample_field,,,,
MENG20_GLMS_Z10,GLMS,True,PLE 5d1,False,sample_field,,,,
MA21_GSC40_CE04,GSAG,True,PLE 5d1,True,sample_field,,,,
MA21_GSC40_CE06,GSAG,True,PLE 5d1,True,sample_field,,,,
MA21_GSC40_CE08,GSAG,True,PLE 5d1,True,sample_field,,,,
MA21_GSC40_CE10,GSAG,True,PLE 5d1,True,sample_field,,,,
MA21_GSC40_CE12,GSAG,True,PLE 5d1,True,sample_field,,,,
MA21_GYSC00_CE04,Gd-Y-ScAG,True,PLE 5d1,True,sample_field,,,,
ZHO22_LUAG_BASE,LuAG,True,PLE 5d1,False,sample_field,,,,
HUA23_LUYAG_X0999,LuAG,True,PLE 5d1,True,sample_field,,,,
LI16_LUAG_CE003,LuAG,True,PLE 5d1,True,sample_field,,,,
WANG24_LUAG_CE005,LuAG,True,PLE 5d1,False,sample_field,,,,
WANG24_LUAG_CE010,LuAG,True,PLE 5d1,False,sample_field,,,,
WANG24_LUAG_CE020,LuAG,True,PLE 5d1,False,sample_field,,,,
WANG24_LUAG_CE030,LuAG,True,PLE 5d1,False,sample_field,,,,
WANG24_LUAG_CE035,LuAG,True,PLE 5d1,False,sample_field,,,,
WANG24_LUAG_CE040,LuAG,True,PLE 5d1,False,sample_field,,,,
WANG24_LUAG_CE045,LuAG,True,PLE 5d1,False,sample_field,,,,
WANG24_LUAG_CE050,LuAG,True,PLE 5d1,False,sample_field,,,,
WANG24_LUAG_CE055,LuAG,True,PLE 5d1,False,sample_field,,,,
WANG24_LUAG_CE060,LuAG,True,PLE 5d1,False,sample_field,,,,
WANG24_LUAG_CE070,LuAG,True,PLE 5d1,False,sample_field,,,,
ZHO22_GA_X050,LuAG solid solution,True,PLE 5d1,False,sample_field,,,,
ZHO22_GA_X100,LuAG solid solution,True,PLE 5d1,False,sample_field,,,,
ZHO22_GA_X150,LuAG solid solution,True,PLE 5d1,False,sample_field,,,,
ZHO22_GA_X200,LuAG solid solution,True,PLE 5d1,False,sample_field,,,,
ZHO22_SC_X050,LuAG solid solution,True,PLE 5d1,False,sample_field,,,,
ZHO22_SC_X100,LuAG solid solution,True,PLE 5d1,False,sample_field,,,,
ZHO22_GA_X075,LuAG solid solution,True,PLE 5d1,False,sample_field,,,,
ZHO22_GA_X125,LuAG solid solution,True,PLE 5d1,False,sample_field,,,,
ZHO22_SC_X075,LuAG solid solution,True,PLE 5d1,False,sample_field,,,,
ZHO22_SC_X125,LuAG solid solution,True,PLE 5d1,False,sample_field,,,,
MOR16_LUAGG,LuAGG,True,PLE 5d1,True,sample_field,,,,
YANG26_LUAGG_GA150,LuAGG,True,PLE 5d1,False,sample_field,,,,
YANG26_LUAGG_GA050,LuAGG,True,PLE 5d1,False,sample_field,,,,
YANG26_LUAGG_GA075,LuAGG,True,PLE 5d1,False,sample_field,,,,
YANG26_LUAGG_GA100,LuAGG,True,PLE 5d1,False,sample_field,,,,
YANG26_LUAGG_GA200,LuAGG,True,PLE 5d1,False,sample_field,,,,
LING24_LUGDAG_CE005_GD00,LuGdAG,True,PLE 5d1,False,sample_field,,,,
LING24_LUGDAG_CE005_GD03,LuGdAG,True,PLE 5d1,False,sample_field,,,,
LING24_LUGDAG_CE005_GD06,LuGdAG,True,PLE 5d1,False,sample_field,,,,
LING24_LUGDAG_CE005_GD09,LuGdAG,True,PLE 5d1,False,sample_field,,,,
LING24_LUGDAG_CE007_GD09,LuGdAG,True,PLE 5d1,False,sample_field,,,,
LING24_LUGDAG_CE009_GD09,LuGdAG,True,PLE 5d1,False,sample_field,,,,
LING24_LUGDAG_CE011_GD09,LuGdAG,True,PLE 5d1,False,sample_field,,,,
LING24_LUGDAG_CE013_GD09,LuGdAG,True,PLE 5d1,False,sample_field,,,,
MA20_SCLU15Y15,LuYSAG,True,PLE 5d1,True,sample_field,,,,
MA20_SCLU10Y20,LuYSAG,True,PLE 5d1,True,sample_field,,,,
MA20_SCLU05Y25,LuYSAG,True,PLE 5d1,True,sample_field,,,,
MA20_SCLU00Y30,LuYSAG,True,PLE 5d1,True,sample_field,,,,
NIS11_T02,Y3Al5O12,True,PLE 5d1,True,sample_field,,,,
LI21_CE100_A000,YAG,True,PLE 5d1,True,sample_field,,,,
LI21_CE100_A900,YAG,True,PLE 5d1,True,sample_field,,,,
LI21_CE100_A1000,YAG,True,PLE 5d1,True,sample_field,,,,
LI21_CE100_A1100,YAG,True,PLE 5d1,True,sample_field,,,,
LI21_CE100_A1200,YAG,True,PLE 5d1,True,sample_field,,,,
LI21_CE100_A1300,YAG,True,PLE 5d1,True,sample_field,,,,
LI21_CE100_A1400,YAG,True,PLE 5d1,True,sample_field,,,,
HUA19_YAGG_X000,YAG,True,PLE 5d1,False,sample_field,,,,
WAE14_YAG_CE001_T05,YAG,True,PLE 5d1,True,sample_field,,,,
WAE14_YAG_CE005_T05,YAG,True,PLE 5d1,True,sample_field,,,,
WAE14_YAG_CE010_T05,YAG,True,PLE 5d1,True,sample_field,,,,
MA21_YSC00_CE04,YAG,True,PLE 5d1,True,sample_field,,,,
HU16_CE005_T040,YAG,True,PLE 5d1,False,sample_field,,,,
HU16_CE010_T040,YAG,True,PLE 5d1,False,sample_field,,,,
HU16_CE020_T040,YAG,True,PLE 5d1,False,sample_field,,,,
HU16_CE050_T040,YAG,True,PLE 5d1,False,sample_field,,,,
HU16_CE070_T040,YAG,True,PLE 5d1,False,sample_field,,,,
HU16_CE100_T040,YAG,True,PLE 5d1,False,sample_field,,,,
HU16_CE010_T025,YAG,True,PLE 5d1,False,sample_field,,,,
HU16_CE010_T050,YAG,True,PLE 5d1,False,sample_field,,,,
HU16_CE010_T070,YAG,True,PLE 5d1,False,sample_field,,,,
HU16_CE010_T100,YAG,True,PLE 5d1,False,sample_field,,,,
SHA19_GD00,YAG,True,PLE 5d1,False,sample_field,,,,
LI21_CE020_A000,YAG,True,PLE 5d1,False,sample_field,,,,
LI21_CE040_A000,YAG,True,PLE 5d1,False,sample_field,,,,
LI21_CE060_A000,YAG,True,PLE 5d1,False,sample_field,,,,
LI21_CE080_A000,YAG,True,PLE 5d1,False,sample_field,,,,
SIN17_X0015,YAG,True,PLE 5d1,False,sample_field,,,,
SIN17_X0030,YAG,True,PLE 5d1,False,sample_field,,,,
SIN17_X0050,YAG,True,PLE 5d1,False,sample_field,,,,
SIN17_X0100,YAG,True,PLE 5d1,False,sample_field,,,,
HU15_GD00,YAG,True,PLE 5d1,False,sample_field,,,,
LI16_YAG_CE003,YAG,True,PLE 5d1,True,sample_field,,,,
BARTA21_YAG,YAG,True,PLE 5d1,False,sample_field,,,,
HUA19_YAGG_X100,YAGG,True,PLE 5d1,False,sample_field,,,,
HUA19_YAGG_X200,YAGG,True,PLE 5d1,False,sample_field,,,,
HUA19_YAGG_X300,YAGG,True,PLE 5d1,False,sample_field,,,,
HUA19_YAGG_X400,YAGG,True,PLE 5d1,False,sample_field,,,,
MOR16_YAGG,YAGG,True,PLE 5d1,True,sample_field,,,,
BARTA21_YAGG_GA1,YAGG,True,PLE 5d1,False,sample_field,,,,
BARTA21_YAGG_GA2,YAGG,True,PLE 5d1,False,sample_field,,,,
DU18_YAMSG_X00,YAMSG,True,PLE 5d1,True,sample_field,,,,
DU18_YAMSG_X05,YAMSG,True,PLE 5d1,True,sample_field,,,,
UED11_YSGG_AS,YSGG,True,PLE 5d1,True,sample_field,,,,
UED11_YSGG_O2,YSGG,True,PLE 5d1,True,sample_field,,,,
LIU19_GDYAG_GD40,"(Y,Gd)AG",False,PLE 5d1,True,sample_field,,,,
LIU19_GDYAG_GD50,"(Y,Gd)AG",False,PLE 5d1,True,sample_field,,,,
LIU19_ACS_GAGG_T04,GAGG,False,PLE 5d1,False,sample_field,,,,
LIU19_ACS_GAGG_T06,GAGG,False,PLE 5d1,False,sample_field,,,,
LIU19_ACS_GAGG_T10,GAGG,False,PLE 5d1,False,sample_field,,,,
CHE17_GA09,GAGG,False,PLE 5d1,False,sample_field,,,,
HOS19_M2_1550,GGAG,False,PLE 5d1,False,sample_field,,,,
HOS19_M2_1600,GGAG,False,PLE 5d1,False,sample_field,,,,
HOS19_M2_1615,GGAG,False,PLE 5d1,False,sample_field,,,,
HOS19_M2_1625,GGAG,False,PLE 5d1,False,sample_field,,,,
HOS19_M4_1600,GGAG,False,PLE 5d1,False,sample_field,,,,
HOS19_N2_1550,GGAG,False,PLE 5d1,False,sample_field,,,,
HOS19_N2_1600,GGAG,False,PLE 5d1,False,sample_field,,,,
HOS19_N2_1615,GGAG,False,PLE 5d1,False,sample_field,,,,
HOS19_N2_1625,GGAG,False,PLE 5d1,False,sample_field,,,,
HIR17_GYAG_CE035,GYAG,False,PLE 5d1,False,sample_field,,,,
HIR17_GYAG_CE050,GYAG,False,PLE 5d1,False,sample_field,,,,
HIR17_GYAG_CE065,GYAG,False,PLE 5d1,False,sample_field,,,,
MA21_GYSC20_CE04,Gd-Y-ScAG,False,PLE 5d1,True,sample_field,,,,
MA21_GSC20_CE04,Gd-Y-ScAG,False,PLE 5d1,True,sample_field,,,,
MA21_GSC30_CE04,Gd-Y-ScAG,False,PLE 5d1,True,sample_field,,,,
SUN20_LMAS_CE08,LMAS,False,PLE 5d1,True,sample_field,,,,
SUN20_LMAS_CE02,LMAS,False,PLE 5d1,True,sample_field,,,,
SUN20_LMAS_CE04,LMAS,False,PLE 5d1,True,sample_field,,,,
SUN20_LMAS_CE06,LMAS,False,PLE 5d1,True,sample_field,,,,
SUN20_LMAS_CE10,LMAS,False,PLE 5d1,True,sample_field,,,,
SUN20_LMAS_CE12,LMAS,False,PLE 5d1,True,sample_field,,,,
LIU14_LUAG,Lu3Al5O12,False,PLE 5d1,False,sample_field,,,,
XU14_CE03,Lu3Al5O12,False,PLE 5d1,False,sample_field,,,,
XU14_CE05,Lu3Al5O12,False,PLE 5d1,False,sample_field,,,,
XU14_CE08,Lu3Al5O12,False,PLE 5d1,False,sample_field,,,,
XU14_CE10,Lu3Al5O12,False,PLE 5d1,False,sample_field,,,,
XU13_AS,Lu3Al5O12,False,PLE 5d1,False,sample_field,,,,
XU13_ANN,Lu3Al5O12,False,PLE 5d1,False,sample_field,,,,
XU17_PRISTINE,LuAG,False,PLE 5d1,False,sample_field,,,,
XU17_LIF035,LuAG,False,PLE 5d1,False,sample_field,,,,
ZHO22_SC_X150,LuAG solid solution,False,PLE 5d1,False,sample_field,,,,
ZHO22_SC_X200,LuAG solid solution,False,PLE 5d1,False,sample_field,,,,
LING24_LUGDAG_CE005_GD15,LuGdAG,False,PLE 5d1,False,sample_field,,,,
LING24_LUGDAG_CE005_GD12,LuGdAG,False,PLE 5d1,False,sample_field,,,,
MA20_SCLU30Y00,LuYSAG,False,PLE 5d1,True,sample_field,,,,
MA20_SCLU25Y05,LuYSAG,False,PLE 5d1,True,sample_field,,,,
MA20_SCLU20Y10,LuYSAG,False,PLE 5d1,True,sample_field,,,,
NIS09_T0632,Y3Al5O12,False,PLE 5d1,True,sample_field,,,,
NIS11_T01,Y3Al5O12,False,PLE 5d1,False,sample_field,,,,
NIS11_T03,Y3Al5O12,False,PLE 5d1,False,sample_field,,,,
LIU15_T02,Y3Al5O12,False,PLE 5d1,False,sample_field,,,,
LIU15_T03,Y3Al5O12,False,PLE 5d1,False,sample_field,,,,
LIU15_T05,Y3Al5O12,False,PLE 5d1,False,sample_field,,,,
LIU15_T08,Y3Al5O12,False,PLE 5d1,False,sample_field,,,,
LIU15_T15,Y3Al5O12,False,PLE 5d1,False,sample_field,,,,
YAO19_CE01,Y3Al5O12,False,PLE 5d1,False,sample_field,,,,
YAO19_CE05,Y3Al5O12,False,PLE 5d1,False,sample_field,,,,
YAO19_CE10,Y3Al5O12,False,PLE 5d1,False,sample_field,,,,
YAO19_CE20,Y3Al5O12,False,PLE 5d1,False,sample_field,,,,
ZHU21_PRE1650,Y3Al5O12,False,PLE 5d1,False,sample_field,,,,
ZHU21_PRE1700,Y3Al5O12,False,PLE 5d1,False,sample_field,,,,
ZHU21_PRE1750,Y3Al5O12,False,PLE 5d1,False,sample_field,,,,
SUN21_TUBE,Y3Al5O12,False,PLE 5d1,False,sample_field,,,,
SUN19_CE005_S1,Y3Al5O12,False,PLE 5d1,False,sample_field,,,,
SUN19_CE005_S2,Y3Al5O12,False,PLE 5d1,False,sample_field,,,,
SUN19_CE005_S3,Y3Al5O12,False,PLE 5d1,False,sample_field,,,,
SUN19_CE005_S4,Y3Al5O12,False,PLE 5d1,False,sample_field,,,,
SUN19_CE005_S5,Y3Al5O12,False,PLE 5d1,False,sample_field,,,,
SUN19_CE020_S1,Y3Al5O12,False,PLE 5d1,False,sample_field,,,,
SUN19_CE020_S2,Y3Al5O12,False,PLE 5d1,False,sample_field,,,,
SUN19_CE020_S3,Y3Al5O12,False,PLE 5d1,False,sample_field,,,,
SUN19_CE020_S4,Y3Al5O12,False,PLE 5d1,False,sample_field,,,,
SUN19_CE020_S5,Y3Al5O12,False,PLE 5d1,False,sample_field,,,,
HUA23_LUYAG_X000,YAG,False,PLE 5d1,True,sample_field,,,,
SIN17_X0015_2,YAG,False,PLE 5d1,False,sample_field,,,,
SIN17_X0030_2,YAG,False,PLE 5d1,False,sample_field,,,,
SIN17_X0050_2,YAG,False,PLE 5d1,False,sample_field,,,,
SIN17_X0100_2,YAG,False,PLE 5d1,False,sample_field,,,,
SIN17_X0150,YAG,False,PLE 5d1,False,sample_field,,,,
SIN17_X0150_2,YAG,False,PLE 5d1,False,sample_field,,,,
SIN17_X0200,YAG,False,PLE 5d1,False,sample_field,,,,
SIN17_X0200_2,YAG,False,PLE 5d1,False,sample_field,,,,
LI21_CE020_A900,YAG,False,PLE 5d1,False,sample_field,,,,
LI21_CE020_A1000,YAG,False,PLE 5d1,False,sample_field,,,,
LI21_CE020_A1100,YAG,False,PLE 5d1,False,sample_field,,,,
LI21_CE020_A1200,YAG,False,PLE 5d1,False,sample_field,,,,
LI21_CE020_A1300,YAG,False,PLE 5d1,False,sample_field,,,,
LI21_CE020_A1400,YAG,False,PLE 5d1,False,sample_field,,,,
LI21_CE040_A900,YAG,False,PLE 5d1,False,sample_field,,,,
LI21_CE040_A1000,YAG,False,PLE 5d1,False,sample_field,,,,
LI21_CE040_A1100,YAG,False,PLE 5d1,False,sample_field,,,,
LI21_CE040_A1200,YAG,False,PLE 5d1,False,sample_field,,,,
LI21_CE040_A1300,YAG,False,PLE 5d1,False,sample_field,,,,
LI21_CE040_A1400,YAG,False,PLE 5d1,False,sample_field,,,,
LI21_CE060_A900,YAG,False,PLE 5d1,False,sample_field,,,,
LI21_CE060_A1000,YAG,False,PLE 5d1,False,sample_field,,,,
LI21_CE060_A1100,YAG,False,PLE 5d1,False,sample_field,,,,
LI21_CE060_A1200,YAG,False,PLE 5d1,False,sample_field,,,,
LI21_CE060_A1300,YAG,False,PLE 5d1,False,sample_field,,,,
LI21_CE060_A1400,YAG,False,PLE 5d1,False,sample_field,,,,
LI21_CE080_A900,YAG,False,PLE 5d1,False,sample_field,,,,
LI21_CE080_A1000,YAG,False,PLE 5d1,False,sample_field,,,,
LI21_CE080_A1100,YAG,False,PLE 5d1,False,sample_field,,,,
LI21_CE080_A1200,YAG,False,PLE 5d1,False,sample_field,,,,
LI21_CE080_A1300,YAG,False,PLE 5d1,False,sample_field,,,,
LI21_CE080_A1400,YAG,False,PLE 5d1,False,sample_field,,,,
OSI17_CE001,YAG,False,PLE 5d1,False,sample_field,,,,
OSI17_CE010,YAG,False,PLE 5d1,False,sample_field,,,,
OSI17_CE030,YAG,False,PLE 5d1,False,sample_field,,,,
OSI17_CE050,YAG,False,PLE 5d1,False,sample_field,,,,
WAE14_YAG_CE001_T08,YAG,False,PLE 5d1,False,sample_field,,,,
WAE14_YAG_CE005_T08,YAG,False,PLE 5d1,False,sample_field,,,,
FEN08_YAG_CE05,YAG,False,PLE 5d1,False,sample_field,,,,
FEN08_YAG_CE10,YAG,False,PLE 5d1,False,sample_field,,,,
FEN08_YAG_CE20,YAG,False,PLE 5d1,False,sample_field,,,,
FEN08_YAG_CE40,YAG,False,PLE 5d1,False,sample_field,,,,
MAH16_YAGG_CECR,YAGG,False,PLE 5d1,True,sample_field,,,,
BARTA21_YAGG_GA3,YAGG,False,PLE 5d1,False,sample_field,,,,
BARTA21_YAGG_GA4,YAGG,False,PLE 5d1,False,sample_field,,,,
DU18_YAMSG_X20,YAMSG,False,PLE 5d1,True,sample_field,,,,
DU18_YAMSG_X10,YAMSG,False,PLE 5d1,True,sample_field,,,,
HUA19_YAGG_X500,YGG,False,PLE 5d1,False,sample_field,,,,
MAH16_YGG_CECR,YGG,False,PLE 5d1,False,sample_field,,,,
FEN08_YSAG_CE05,YSAG,False,PLE 5d1,False,sample_field,,,,
FEN08_YSAG_CE10,YSAG,False,PLE 5d1,False,sample_field,,,,
FEN08_YSAG_CE20,YSAG,False,PLE 5d1,False,sample_field,,,,
FEN08_YSAG_CE40,YSAG,False,PLE 5d1,False,sample_field,,,,
SUN20_GDLUGAG_LU35,"(Gd,Lu)AG",True,Process,True,sample_field,,,,
HUA23_LUYAG_X020,"(Lu,Y)AG",True,Process,True,sample_field,,,,
HUA23_LUYAG_X040,"(Lu,Y)AG",True,Process,True,sample_field,,,,
HUA23_LUYAG_X060,"(Lu,Y)AG",True,Process,True,sample_field,,,,
HUA23_LUYAG_X080,"(Lu,Y)AG",True,Process,True,sample_field,,,,
HU15_GD10,"(Y,Gd)AG",True,Process,True,sample_field,,,,
HU15_GD30,"(Y,Gd)AG",True,Process,True,sample_field,,,,
HU15_GD40,"(Y,Gd)AG",True,Process,True,sample_field,,,,
HU15_GD50,"(Y,Gd)AG",True,Process,True,sample_field,,,,
HU15_GD60,"(Y,Gd)AG",True,Process,True,sample_field,,,,
HU15_GD70,"(Y,Gd)AG",True,Process,True,sample_field,,,,
HU15_GD80,"(Y,Gd)AG",True,Process,True,sample_field,,,,
LIU19_GDYAG_GD00,"(Y,Gd)AG",True,Process,True,sample_field,,,,
LIU19_GDYAG_GD10,"(Y,Gd)AG",True,Process,True,sample_field,,,,
LIU19_GDYAG_GD20,"(Y,Gd)AG",True,Process,True,sample_field,,,,
LIU19_GDYAG_GD30,"(Y,Gd)AG",True,Process,True,sample_field,,,,
SHA19_GD06,"(Y,Gd)AG",True,Process,True,sample_field,,,,
SHA19_GD12,"(Y,Gd)AG",True,Process,True,sample_field,,,,
SHA19_GD18,"(Y,Gd)AG",True,Process,True,sample_field,,,,
SHA19_GD24,"(Y,Gd)AG",True,Process,True,sample_field,,,,
SHA19_GD30,"(Y,Gd)AG",True,Process,True,sample_field,,,,
LI24_CSS_CE08,CSS,True,Process,True,sample_field,,,,
LI24_CSS_CE02,CSS,True,Process,True,sample_field,,,,
LI24_CSS_CE04,CSS,True,Process,True,sample_field,,,,
LI24_CSS_CE06,CSS,True,Process,True,sample_field,,,,
LI24_CSS_CE10,CSS,True,Process,True,sample_field,,,,
LI24_CSS_CE12,CSS,True,Process,True,sample_field,,,,
MOR16_GAGG,GAGG,True,Process,True,sample_field,,,,
CHE17_GA01,GAGG,True,Process,True,sample_field,,,,
CHE17_GA03,GAGG,True,Process,True,sample_field,,,,
CHE17_GA04,GAGG,True,Process,True,sample_field,,,,
CHE17_GA05,GAGG,True,Process,True,sample_field,,,,
CHE17_GA07,GAGG,True,Process,True,sample_field,,,,
LIU19_ACS_GAGG_T08,GAGG,True,Process,True,sample_field,,,,
HOS19_N4_1600,GGAG,True,Process,True,sample_field,,,,
MENG20_GLMS_Z00,GLMS,True,Process,True,sample_field,,,,
MENG20_GLMS_Z05,GLMS,True,Process,True,sample_field,,,,
MENG20_GLMS_Z10,GLMS,True,Process,True,sample_field,,,,
MA21_GSC40_CE04,GSAG,True,Process,True,sample_field,,,,
MA21_GSC40_CE06,GSAG,True,Process,True,sample_field,,,,
MA21_GSC40_CE08,GSAG,True,Process,True,sample_field,,,,
MA21_GSC40_CE10,GSAG,True,Process,True,sample_field,,,,
MA21_GSC40_CE12,GSAG,True,Process,True,sample_field,,,,
MA21_GYSC00_CE04,Gd-Y-ScAG,True,Process,True,sample_field,,,,
ZHO22_LUAG_BASE,LuAG,True,Process,True,sample_field,,,,
HUA23_LUYAG_X0999,LuAG,True,Process,True,sample_field,,,,
LI16_LUAG_CE003,LuAG,True,Process,True,sample_field,,,,
WANG24_LUAG_CE005,LuAG,True,Process,True,sample_field,,,,
WANG24_LUAG_CE010,LuAG,True,Process,True,sample_field,,,,
WANG24_LUAG_CE020,LuAG,True,Process,True,sample_field,,,,
WANG24_LUAG_CE030,LuAG,True,Process,True,sample_field,,,,
WANG24_LUAG_CE035,LuAG,True,Process,True,sample_field,,,,
WANG24_LUAG_CE040,LuAG,True,Process,True,sample_field,,,,
WANG24_LUAG_CE045,LuAG,True,Process,True,sample_field,,,,
WANG24_LUAG_CE050,LuAG,True,Process,True,sample_field,,,,
WANG24_LUAG_CE055,LuAG,True,Process,True,sample_field,,,,
WANG24_LUAG_CE060,LuAG,True,Process,True,sample_field,,,,
WANG24_LUAG_CE070,LuAG,True,Process,True,sample_field,,,,
ZHO22_GA_X050,LuAG solid solution,True,Process,True,sample_field,,,,
ZHO22_GA_X100,LuAG solid solution,True,Process,True,sample_field,,,,
ZHO22_GA_X150,LuAG solid solution,True,Process,True,sample_field,,,,
ZHO22_GA_X200,LuAG solid solution,True,Process,True,sample_field,,,,
ZHO22_SC_X050,LuAG solid solution,True,Process,True,sample_field,,,,
ZHO22_SC_X100,LuAG solid solution,True,Process,True,sample_field,,,,
ZHO22_GA_X075,LuAG solid solution,True,Process,True,sample_field,,,,
ZHO22_GA_X125,LuAG solid solution,True,Process,True,sample_field,,,,
ZHO22_SC_X075,LuAG solid solution,True,Process,True,sample_field,,,,
ZHO22_SC_X125,LuAG solid solution,True,Process,True,sample_field,,,,
MOR16_LUAGG,LuAGG,True,Process,True,sample_field,,,,
YANG26_LUAGG_GA150,LuAGG,True,Process,True,sample_field,,,,
YANG26_LUAGG_GA050,LuAGG,True,Process,True,sample_field,,,,
YANG26_LUAGG_GA075,LuAGG,True,Process,True,sample_field,,,,
YANG26_LUAGG_GA100,LuAGG,True,Process,True,sample_field,,,,
YANG26_LUAGG_GA200,LuAGG,True,Process,True,sample_field,,,,
LING24_LUGDAG_CE005_GD00,LuGdAG,True,Process,True,sample_field,,,,
LING24_LUGDAG_CE005_GD03,LuGdAG,True,Process,True,sample_field,,,,
LING24_LUGDAG_CE005_GD06,LuGdAG,True,Process,True,sample_field,,,,
LING24_LUGDAG_CE005_GD09,LuGdAG,True,Process,True,sample_field,,,,
LING24_LUGDAG_CE007_GD09,LuGdAG,True,Process,True,sample_field,,,,
LING24_LUGDAG_CE009_GD09,LuGdAG,True,Process,True,sample_field,,,,
LING24_LUGDAG_CE011_GD09,LuGdAG,True,Process,True,sample_field,,,,
LING24_LUGDAG_CE013_GD09,LuGdAG,True,Process,True,sample_field,,,,
MA20_SCLU15Y15,LuYSAG,True,Process,True,sample_field,,,,
MA20_SCLU10Y20,LuYSAG,True,Process,True,sample_field,,,,
MA20_SCLU05Y25,LuYSAG,True,Process,True,sample_field,,,,
MA20_SCLU00Y30,LuYSAG,True,Process,True,sample_field,,,,
NIS11_T02,Y3Al5O12,True,Process,True,sample_field,,,,
LI21_CE100_A000,YAG,True,Process,True,sample_field,,,,
LI21_CE100_A900,YAG,True,Process,True,sample_field,,,,
LI21_CE100_A1000,YAG,True,Process,True,sample_field,,,,
LI21_CE100_A1100,YAG,True,Process,True,sample_field,,,,
LI21_CE100_A1200,YAG,True,Process,True,sample_field,,,,
LI21_CE100_A1300,YAG,True,Process,True,sample_field,,,,
LI21_CE100_A1400,YAG,True,Process,True,sample_field,,,,
HUA19_YAGG_X000,YAG,True,Process,True,sample_field,,,,
WAE14_YAG_CE001_T05,YAG,True,Process,True,sample_field,,,,
WAE14_YAG_CE005_T05,YAG,True,Process,True,sample_field,,,,
WAE14_YAG_CE010_T05,YAG,True,Process,True,sample_field,,,,
MA21_YSC00_CE04,YAG,True,Process,True,sample_field,,,,
HU16_CE005_T040,YAG,True,Process,True,sample_field,,,,
HU16_CE010_T040,YAG,True,Process,True,sample_field,,,,
HU16_CE020_T040,YAG,True,Process,True,sample_field,,,,
HU16_CE050_T040,YAG,True,Process,True,sample_field,,,,
HU16_CE070_T040,YAG,True,Process,True,sample_field,,,,
HU16_CE100_T040,YAG,True,Process,True,sample_field,,,,
HU16_CE010_T025,YAG,True,Process,True,sample_field,,,,
HU16_CE010_T050,YAG,True,Process,True,sample_field,,,,
HU16_CE010_T070,YAG,True,Process,True,sample_field,,,,
HU16_CE010_T100,YAG,True,Process,True,sample_field,,,,
SHA19_GD00,YAG,True,Process,True,sample_field,,,,
LI21_CE020_A000,YAG,True,Process,True,sample_field,,,,
LI21_CE040_A000,YAG,True,Process,True,sample_field,,,,
LI21_CE060_A000,YAG,True,Process,True,sample_field,,,,
LI21_CE080_A000,YAG,True,Process,True,sample_field,,,,
SIN17_X0015,YAG,True,Process,True,sample_field,,,,
SIN17_X0030,YAG,True,Process,True,sample_field,,,,
SIN17_X0050,YAG,True,Process,True,sample_field,,,,
SIN17_X0100,YAG,True,Process,True,sample_field,,,,
HU15_GD00,YAG,True,Process,True,sample_field,,,,
LI16_YAG_CE003,YAG,True,Process,True,sample_field,,,,
BARTA21_YAG,YAG,True,Process,True,sample_field,,,,
HUA19_YAGG_X100,YAGG,True,Process,True,sample_field,,,,
HUA19_YAGG_X200,YAGG,True,Process,True,sample_field,,,,
HUA19_YAGG_X300,YAGG,True,Process,True,sample_field,,,,
HUA19_YAGG_X400,YAGG,True,Process,True,sample_field,,,,
MOR16_YAGG,YAGG,True,Process,True,sample_field,,,,
BARTA21_YAGG_GA1,YAGG,True,Process,True,sample_field,,,,
BARTA21_YAGG_GA2,YAGG,True,Process,True,sample_field,,,,
DU18_YAMSG_X00,YAMSG,True,Process,True,sample_field,,,,
DU18_YAMSG_X05,YAMSG,True,Process,True,sample_field,,,,
UED11_YSGG_AS,YSGG,True,Process,True,sample_field,,,,
UED11_YSGG_O2,YSGG,True,Process,True,sample_field,,,,
LIU19_GDYAG_GD40,"(Y,Gd)AG",False,Process,True,sample_field,,,,
LIU19_GDYAG_GD50,"(Y,Gd)AG",False,Process,True,sample_field,,,,
LIU19_ACS_GAGG_T04,GAGG,False,Process,True,sample_field,,,,
LIU19_ACS_GAGG_T06,GAGG,False,Process,True,sample_field,,,,
LIU19_ACS_GAGG_T10,GAGG,False,Process,True,sample_field,,,,
CHE17_GA09,GAGG,False,Process,True,sample_field,,,,
HOS19_M2_1550,GGAG,False,Process,True,sample_field,,,,
HOS19_M2_1600,GGAG,False,Process,True,sample_field,,,,
HOS19_M2_1615,GGAG,False,Process,True,sample_field,,,,
HOS19_M2_1625,GGAG,False,Process,True,sample_field,,,,
HOS19_M4_1600,GGAG,False,Process,True,sample_field,,,,
HOS19_N2_1550,GGAG,False,Process,True,sample_field,,,,
HOS19_N2_1600,GGAG,False,Process,True,sample_field,,,,
HOS19_N2_1615,GGAG,False,Process,True,sample_field,,,,
HOS19_N2_1625,GGAG,False,Process,True,sample_field,,,,
HIR17_GYAG_CE035,GYAG,False,Process,True,sample_field,,,,
HIR17_GYAG_CE050,GYAG,False,Process,True,sample_field,,,,
HIR17_GYAG_CE065,GYAG,False,Process,True,sample_field,,,,
MA21_GYSC20_CE04,Gd-Y-ScAG,False,Process,True,sample_field,,,,
MA21_GSC20_CE04,Gd-Y-ScAG,False,Process,True,sample_field,,,,
MA21_GSC30_CE04,Gd-Y-ScAG,False,Process,True,sample_field,,,,
SUN20_LMAS_CE08,LMAS,False,Process,True,sample_field,,,,
SUN20_LMAS_CE02,LMAS,False,Process,True,sample_field,,,,
SUN20_LMAS_CE04,LMAS,False,Process,True,sample_field,,,,
SUN20_LMAS_CE06,LMAS,False,Process,True,sample_field,,,,
SUN20_LMAS_CE10,LMAS,False,Process,True,sample_field,,,,
SUN20_LMAS_CE12,LMAS,False,Process,True,sample_field,,,,
LIU14_LUAG,Lu3Al5O12,False,Process,True,sample_field,,,,
XU14_CE03,Lu3Al5O12,False,Process,True,sample_field,,,,
XU14_CE05,Lu3Al5O12,False,Process,True,sample_field,,,,
XU14_CE08,Lu3Al5O12,False,Process,True,sample_field,,,,
XU14_CE10,Lu3Al5O12,False,Process,True,sample_field,,,,
XU13_AS,Lu3Al5O12,False,Process,True,sample_field,,,,
XU13_ANN,Lu3Al5O12,False,Process,True,sample_field,,,,
XU17_PRISTINE,LuAG,False,Process,True,sample_field,,,,
XU17_LIF035,LuAG,False,Process,True,sample_field,,,,
ZHO22_SC_X150,LuAG solid solution,False,Process,True,sample_field,,,,
ZHO22_SC_X200,LuAG solid solution,False,Process,True,sample_field,,,,
LING24_LUGDAG_CE005_GD15,LuGdAG,False,Process,True,sample_field,,,,
LING24_LUGDAG_CE005_GD12,LuGdAG,False,Process,True,sample_field,,,,
MA20_SCLU30Y00,LuYSAG,False,Process,True,sample_field,,,,
MA20_SCLU25Y05,LuYSAG,False,Process,True,sample_field,,,,
MA20_SCLU20Y10,LuYSAG,False,Process,True,sample_field,,,,
NIS09_T0632,Y3Al5O12,False,Process,True,sample_field,,,,
NIS11_T01,Y3Al5O12,False,Process,True,sample_field,,,,
NIS11_T03,Y3Al5O12,False,Process,True,sample_field,,,,
LIU15_T02,Y3Al5O12,False,Process,True,sample_field,,,,
LIU15_T03,Y3Al5O12,False,Process,True,sample_field,,,,
LIU15_T05,Y3Al5O12,False,Process,True,sample_field,,,,
LIU15_T08,Y3Al5O12,False,Process,True,sample_field,,,,
LIU15_T15,Y3Al5O12,False,Process,True,sample_field,,,,
YAO19_CE01,Y3Al5O12,False,Process,True,sample_field,,,,
YAO19_CE05,Y3Al5O12,False,Process,True,sample_field,,,,
YAO19_CE10,Y3Al5O12,False,Process,True,sample_field,,,,
YAO19_CE20,Y3Al5O12,False,Process,True,sample_field,,,,
ZHU21_PRE1650,Y3Al5O12,False,Process,True,sample_field,,,,
ZHU21_PRE1700,Y3Al5O12,False,Process,True,sample_field,,,,
ZHU21_PRE1750,Y3Al5O12,False,Process,True,sample_field,,,,
SUN21_TUBE,Y3Al5O12,False,Process,True,sample_field,,,,
SUN19_CE005_S1,Y3Al5O12,False,Process,True,sample_field,,,,
SUN19_CE005_S2,Y3Al5O12,False,Process,True,sample_field,,,,
SUN19_CE005_S3,Y3Al5O12,False,Process,True,sample_field,,,,
SUN19_CE005_S4,Y3Al5O12,False,Process,True,sample_field,,,,
SUN19_CE005_S5,Y3Al5O12,False,Process,True,sample_field,,,,
SUN19_CE020_S1,Y3Al5O12,False,Process,True,sample_field,,,,
SUN19_CE020_S2,Y3Al5O12,False,Process,True,sample_field,,,,
SUN19_CE020_S3,Y3Al5O12,False,Process,True,sample_field,,,,
SUN19_CE020_S4,Y3Al5O12,False,Process,True,sample_field,,,,
SUN19_CE020_S5,Y3Al5O12,False,Process,True,sample_field,,,,
HUA23_LUYAG_X000,YAG,False,Process,True,sample_field,,,,
SIN17_X0015_2,YAG,False,Process,True,sample_field,,,,
SIN17_X0030_2,YAG,False,Process,True,sample_field,,,,
SIN17_X0050_2,YAG,False,Process,True,sample_field,,,,
SIN17_X0100_2,YAG,False,Process,True,sample_field,,,,
SIN17_X0150,YAG,False,Process,True,sample_field,,,,
SIN17_X0150_2,YAG,False,Process,True,sample_field,,,,
SIN17_X0200,YAG,False,Process,True,sample_field,,,,
SIN17_X0200_2,YAG,False,Process,True,sample_field,,,,
LI21_CE020_A900,YAG,False,Process,True,sample_field,,,,
LI21_CE020_A1000,YAG,False,Process,True,sample_field,,,,
LI21_CE020_A1100,YAG,False,Process,True,sample_field,,,,
LI21_CE020_A1200,YAG,False,Process,True,sample_field,,,,
LI21_CE020_A1300,YAG,False,Process,True,sample_field,,,,
LI21_CE020_A1400,YAG,False,Process,True,sample_field,,,,
LI21_CE040_A900,YAG,False,Process,True,sample_field,,,,
LI21_CE040_A1000,YAG,False,Process,True,sample_field,,,,
LI21_CE040_A1100,YAG,False,Process,True,sample_field,,,,
LI21_CE040_A1200,YAG,False,Process,True,sample_field,,,,
LI21_CE040_A1300,YAG,False,Process,True,sample_field,,,,
LI21_CE040_A1400,YAG,False,Process,True,sample_field,,,,
LI21_CE060_A900,YAG,False,Process,True,sample_field,,,,
LI21_CE060_A1000,YAG,False,Process,True,sample_field,,,,
LI21_CE060_A1100,YAG,False,Process,True,sample_field,,,,
LI21_CE060_A1200,YAG,False,Process,True,sample_field,,,,
LI21_CE060_A1300,YAG,False,Process,True,sample_field,,,,
LI21_CE060_A1400,YAG,False,Process,True,sample_field,,,,
LI21_CE080_A900,YAG,False,Process,True,sample_field,,,,
LI21_CE080_A1000,YAG,False,Process,True,sample_field,,,,
LI21_CE080_A1100,YAG,False,Process,True,sample_field,,,,
LI21_CE080_A1200,YAG,False,Process,True,sample_field,,,,
LI21_CE080_A1300,YAG,False,Process,True,sample_field,,,,
LI21_CE080_A1400,YAG,False,Process,True,sample_field,,,,
OSI17_CE001,YAG,False,Process,True,sample_field,,,,
OSI17_CE010,YAG,False,Process,True,sample_field,,,,
OSI17_CE030,YAG,False,Process,True,sample_field,,,,
OSI17_CE050,YAG,False,Process,True,sample_field,,,,
WAE14_YAG_CE001_T08,YAG,False,Process,True,sample_field,,,,
WAE14_YAG_CE005_T08,YAG,False,Process,True,sample_field,,,,
FEN08_YAG_CE05,YAG,False,Process,True,sample_field,,,,
FEN08_YAG_CE10,YAG,False,Process,True,sample_field,,,,
FEN08_YAG_CE20,YAG,False,Process,True,sample_field,,,,
FEN08_YAG_CE40,YAG,False,Process,True,sample_field,,,,
MAH16_YAGG_CECR,YAGG,False,Process,True,sample_field,,,,
BARTA21_YAGG_GA3,YAGG,False,Process,True,sample_field,,,,
BARTA21_YAGG_GA4,YAGG,False,Process,True,sample_field,,,,
DU18_YAMSG_X20,YAMSG,False,Process,True,sample_field,,,,
DU18_YAMSG_X10,YAMSG,False,Process,True,sample_field,,,,
HUA19_YAGG_X500,YGG,False,Process,True,sample_field,,,,
MAH16_YGG_CECR,YGG,False,Process,True,sample_field,,,,
FEN08_YSAG_CE05,YSAG,False,Process,True,sample_field,,,,
FEN08_YSAG_CE10,YSAG,False,Process,True,sample_field,,,,
FEN08_YSAG_CE20,YSAG,False,Process,True,sample_field,,,,
FEN08_YSAG_CE40,YSAG,False,Process,True,sample_field,,,,
SUN20_GDLUGAG_LU35,"(Gd,Lu)AG",True,Lattice,True,sample_field,,,,
HUA23_LUYAG_X020,"(Lu,Y)AG",True,Lattice,False,sample_field,,,,
HUA23_LUYAG_X040,"(Lu,Y)AG",True,Lattice,False,sample_field,,,,
HUA23_LUYAG_X060,"(Lu,Y)AG",True,Lattice,False,sample_field,,,,
HUA23_LUYAG_X080,"(Lu,Y)AG",True,Lattice,False,sample_field,,,,
HU15_GD10,"(Y,Gd)AG",True,Lattice,True,sample_field,,,,
HU15_GD30,"(Y,Gd)AG",True,Lattice,True,sample_field,,,,
HU15_GD40,"(Y,Gd)AG",True,Lattice,True,sample_field,,,,
HU15_GD50,"(Y,Gd)AG",True,Lattice,True,sample_field,,,,
HU15_GD60,"(Y,Gd)AG",True,Lattice,True,sample_field,,,,
HU15_GD70,"(Y,Gd)AG",True,Lattice,True,sample_field,,,,
HU15_GD80,"(Y,Gd)AG",True,Lattice,True,sample_field,,,,
LIU19_GDYAG_GD00,"(Y,Gd)AG",True,Lattice,False,sample_field,,,,
LIU19_GDYAG_GD10,"(Y,Gd)AG",True,Lattice,False,sample_field,,,,
LIU19_GDYAG_GD20,"(Y,Gd)AG",True,Lattice,False,sample_field,,,,
LIU19_GDYAG_GD30,"(Y,Gd)AG",True,Lattice,False,sample_field,,,,
SHA19_GD06,"(Y,Gd)AG",True,Lattice,False,sample_field,,,,
SHA19_GD12,"(Y,Gd)AG",True,Lattice,False,sample_field,,,,
SHA19_GD18,"(Y,Gd)AG",True,Lattice,False,sample_field,,,,
SHA19_GD24,"(Y,Gd)AG",True,Lattice,False,sample_field,,,,
SHA19_GD30,"(Y,Gd)AG",True,Lattice,False,sample_field,,,,
LI24_CSS_CE08,CSS,True,Lattice,True,sample_field,,,,
LI24_CSS_CE02,CSS,True,Lattice,True,sample_field,,,,
LI24_CSS_CE04,CSS,True,Lattice,True,sample_field,,,,
LI24_CSS_CE06,CSS,True,Lattice,True,sample_field,,,,
LI24_CSS_CE10,CSS,True,Lattice,True,sample_field,,,,
LI24_CSS_CE12,CSS,True,Lattice,True,sample_field,,,,
MOR16_GAGG,GAGG,True,Lattice,False,sample_field,,,,
CHE17_GA01,GAGG,True,Lattice,True,sample_field,,,,
CHE17_GA03,GAGG,True,Lattice,True,sample_field,,,,
CHE17_GA04,GAGG,True,Lattice,True,sample_field,,,,
CHE17_GA05,GAGG,True,Lattice,True,sample_field,,,,
CHE17_GA07,GAGG,True,Lattice,True,sample_field,,,,
LIU19_ACS_GAGG_T08,GAGG,True,Lattice,True,sample_field,,,,
HOS19_N4_1600,GGAG,True,Lattice,False,sample_field,,,,
MENG20_GLMS_Z00,GLMS,True,Lattice,True,sample_field,,,,
MENG20_GLMS_Z05,GLMS,True,Lattice,True,sample_field,,,,
MENG20_GLMS_Z10,GLMS,True,Lattice,True,sample_field,,,,
MA21_GSC40_CE04,GSAG,True,Lattice,True,sample_field,,,,
MA21_GSC40_CE06,GSAG,True,Lattice,True,sample_field,,,,
MA21_GSC40_CE08,GSAG,True,Lattice,True,sample_field,,,,
MA21_GSC40_CE10,GSAG,True,Lattice,True,sample_field,,,,
MA21_GSC40_CE12,GSAG,True,Lattice,True,sample_field,,,,
MA21_GYSC00_CE04,Gd-Y-ScAG,True,Lattice,True,sample_field,,,,
ZHO22_LUAG_BASE,LuAG,True,Lattice,True,sample_field,,,,
HUA23_LUYAG_X0999,LuAG,True,Lattice,False,sample_field,,,,
LI16_LUAG_CE003,LuAG,True,Lattice,False,sample_field,,,,
WANG24_LUAG_CE005,LuAG,True,Lattice,False,sample_field,,,,
WANG24_LUAG_CE010,LuAG,True,Lattice,False,sample_field,,,,
WANG24_LUAG_CE020,LuAG,True,Lattice,False,sample_field,,,,
WANG24_LUAG_CE030,LuAG,True,Lattice,False,sample_field,,,,
WANG24_LUAG_CE035,LuAG,True,Lattice,False,sample_field,,,,
WANG24_LUAG_CE040,LuAG,True,Lattice,False,sample_field,,,,
WANG24_LUAG_CE045,LuAG,True,Lattice,False,sample_field,,,,
WANG24_LUAG_CE050,LuAG,True,Lattice,False,sample_field,,,,
WANG24_LUAG_CE055,LuAG,True,Lattice,False,sample_field,,,,
WANG24_LUAG_CE060,LuAG,True,Lattice,False,sample_field,,,,
WANG24_LUAG_CE070,LuAG,True,Lattice,False,sample_field,,,,
ZHO22_GA_X050,LuAG solid solution,True,Lattice,True,sample_field,,,,
ZHO22_GA_X100,LuAG solid solution,True,Lattice,True,sample_field,,,,
ZHO22_GA_X150,LuAG solid solution,True,Lattice,True,sample_field,,,,
ZHO22_GA_X200,LuAG solid solution,True,Lattice,True,sample_field,,,,
ZHO22_SC_X050,LuAG solid solution,True,Lattice,True,sample_field,,,,
ZHO22_SC_X100,LuAG solid solution,True,Lattice,True,sample_field,,,,
ZHO22_GA_X075,LuAG solid solution,True,Lattice,True,sample_field,,,,
ZHO22_GA_X125,LuAG solid solution,True,Lattice,True,sample_field,,,,
ZHO22_SC_X075,LuAG solid solution,True,Lattice,True,sample_field,,,,
ZHO22_SC_X125,LuAG solid solution,True,Lattice,True,sample_field,,,,
MOR16_LUAGG,LuAGG,True,Lattice,False,sample_field,,,,
YANG26_LUAGG_GA150,LuAGG,True,Lattice,True,sample_field,,,,
YANG26_LUAGG_GA050,LuAGG,True,Lattice,True,sample_field,,,,
YANG26_LUAGG_GA075,LuAGG,True,Lattice,True,sample_field,,,,
YANG26_LUAGG_GA100,LuAGG,True,Lattice,True,sample_field,,,,
YANG26_LUAGG_GA200,LuAGG,True,Lattice,True,sample_field,,,,
LING24_LUGDAG_CE005_GD00,LuGdAG,True,Lattice,True,sample_field,,,,
LING24_LUGDAG_CE005_GD03,LuGdAG,True,Lattice,True,sample_field,,,,
LING24_LUGDAG_CE005_GD06,LuGdAG,True,Lattice,True,sample_field,,,,
LING24_LUGDAG_CE005_GD09,LuGdAG,True,Lattice,True,sample_field,,,,
LING24_LUGDAG_CE007_GD09,LuGdAG,True,Lattice,True,sample_field,,,,
LING24_LUGDAG_CE009_GD09,LuGdAG,True,Lattice,True,sample_field,,,,
LING24_LUGDAG_CE011_GD09,LuGdAG,True,Lattice,True,sample_field,,,,
LING24_LUGDAG_CE013_GD09,LuGdAG,True,Lattice,True,sample_field,,,,
MA20_SCLU15Y15,LuYSAG,True,Lattice,True,sample_field,,,,
MA20_SCLU10Y20,LuYSAG,True,Lattice,True,sample_field,,,,
MA20_SCLU05Y25,LuYSAG,True,Lattice,True,sample_field,,,,
MA20_SCLU00Y30,LuYSAG,True,Lattice,True,sample_field,,,,
NIS11_T02,Y3Al5O12,True,Lattice,True,sample_field,,,,
LI21_CE100_A000,YAG,True,Lattice,True,sample_field,,,,
LI21_CE100_A900,YAG,True,Lattice,True,sample_field,,,,
LI21_CE100_A1000,YAG,True,Lattice,True,sample_field,,,,
LI21_CE100_A1100,YAG,True,Lattice,True,sample_field,,,,
LI21_CE100_A1200,YAG,True,Lattice,True,sample_field,,,,
LI21_CE100_A1300,YAG,True,Lattice,True,sample_field,,,,
LI21_CE100_A1400,YAG,True,Lattice,True,sample_field,,,,
HUA19_YAGG_X000,YAG,True,Lattice,True,sample_field,,,,
WAE14_YAG_CE001_T05,YAG,True,Lattice,True,sample_field,,,,
WAE14_YAG_CE005_T05,YAG,True,Lattice,True,sample_field,,,,
WAE14_YAG_CE010_T05,YAG,True,Lattice,True,sample_field,,,,
MA21_YSC00_CE04,YAG,True,Lattice,True,sample_field,,,,
HU16_CE005_T040,YAG,True,Lattice,True,sample_field,,,,
HU16_CE010_T040,YAG,True,Lattice,True,sample_field,,,,
HU16_CE020_T040,YAG,True,Lattice,True,sample_field,,,,
HU16_CE050_T040,YAG,True,Lattice,True,sample_field,,,,
HU16_CE070_T040,YAG,True,Lattice,True,sample_field,,,,
HU16_CE100_T040,YAG,True,Lattice,True,sample_field,,,,
HU16_CE010_T025,YAG,True,Lattice,True,sample_field,,,,
HU16_CE010_T050,YAG,True,Lattice,True,sample_field,,,,
HU16_CE010_T070,YAG,True,Lattice,True,sample_field,,,,
HU16_CE010_T100,YAG,True,Lattice,True,sample_field,,,,
SHA19_GD00,YAG,True,Lattice,True,sample_field,,,,
LI21_CE020_A000,YAG,True,Lattice,True,sample_field,,,,
LI21_CE040_A000,YAG,True,Lattice,True,sample_field,,,,
LI21_CE060_A000,YAG,True,Lattice,True,sample_field,,,,
LI21_CE080_A000,YAG,True,Lattice,True,sample_field,,,,
SIN17_X0015,YAG,True,Lattice,True,sample_field,,,,
SIN17_X0030,YAG,True,Lattice,True,sample_field,,,,
SIN17_X0050,YAG,True,Lattice,True,sample_field,,,,
SIN17_X0100,YAG,True,Lattice,True,sample_field,,,,
HU15_GD00,YAG,True,Lattice,True,sample_field,,,,
LI16_YAG_CE003,YAG,True,Lattice,False,sample_field,,,,
BARTA21_YAG,YAG,True,Lattice,True,sample_field,,,,
HUA19_YAGG_X100,YAGG,True,Lattice,True,sample_field,,,,
HUA19_YAGG_X200,YAGG,True,Lattice,True,sample_field,,,,
HUA19_YAGG_X300,YAGG,True,Lattice,True,sample_field,,,,
HUA19_YAGG_X400,YAGG,True,Lattice,True,sample_field,,,,
MOR16_YAGG,YAGG,True,Lattice,False,sample_field,,,,
BARTA21_YAGG_GA1,YAGG,True,Lattice,True,sample_field,,,,
BARTA21_YAGG_GA2,YAGG,True,Lattice,True,sample_field,,,,
DU18_YAMSG_X00,YAMSG,True,Lattice,False,sample_field,,,,
DU18_YAMSG_X05,YAMSG,True,Lattice,False,sample_field,,,,
UED11_YSGG_AS,YSGG,True,Lattice,False,sample_field,,,,
UED11_YSGG_O2,YSGG,True,Lattice,False,sample_field,,,,
LIU19_GDYAG_GD40,"(Y,Gd)AG",False,Lattice,False,sample_field,,,,
LIU19_GDYAG_GD50,"(Y,Gd)AG",False,Lattice,False,sample_field,,,,
LIU19_ACS_GAGG_T04,GAGG,False,Lattice,False,sample_field,,,,
LIU19_ACS_GAGG_T06,GAGG,False,Lattice,False,sample_field,,,,
LIU19_ACS_GAGG_T10,GAGG,False,Lattice,False,sample_field,,,,
CHE17_GA09,GAGG,False,Lattice,False,sample_field,,,,
HOS19_M2_1550,GGAG,False,Lattice,False,sample_field,,,,
HOS19_M2_1600,GGAG,False,Lattice,False,sample_field,,,,
HOS19_M2_1615,GGAG,False,Lattice,False,sample_field,,,,
HOS19_M2_1625,GGAG,False,Lattice,False,sample_field,,,,
HOS19_M4_1600,GGAG,False,Lattice,False,sample_field,,,,
HOS19_N2_1550,GGAG,False,Lattice,False,sample_field,,,,
HOS19_N2_1600,GGAG,False,Lattice,False,sample_field,,,,
HOS19_N2_1615,GGAG,False,Lattice,False,sample_field,,,,
HOS19_N2_1625,GGAG,False,Lattice,False,sample_field,,,,
HIR17_GYAG_CE035,GYAG,False,Lattice,False,sample_field,,,,
HIR17_GYAG_CE050,GYAG,False,Lattice,False,sample_field,,,,
HIR17_GYAG_CE065,GYAG,False,Lattice,False,sample_field,,,,
MA21_GYSC20_CE04,Gd-Y-ScAG,False,Lattice,False,sample_field,,,,
MA21_GSC20_CE04,Gd-Y-ScAG,False,Lattice,False,sample_field,,,,
MA21_GSC30_CE04,Gd-Y-ScAG,False,Lattice,False,sample_field,,,,
SUN20_LMAS_CE08,LMAS,False,Lattice,False,sample_field,,,,
SUN20_LMAS_CE02,LMAS,False,Lattice,False,sample_field,,,,
SUN20_LMAS_CE04,LMAS,False,Lattice,False,sample_field,,,,
SUN20_LMAS_CE06,LMAS,False,Lattice,False,sample_field,,,,
SUN20_LMAS_CE10,LMAS,False,Lattice,False,sample_field,,,,
SUN20_LMAS_CE12,LMAS,False,Lattice,False,sample_field,,,,
LIU14_LUAG,Lu3Al5O12,False,Lattice,True,sample_field,,,,
XU14_CE03,Lu3Al5O12,False,Lattice,True,sample_field,,,,
XU14_CE05,Lu3Al5O12,False,Lattice,True,sample_field,,,,
XU14_CE08,Lu3Al5O12,False,Lattice,True,sample_field,,,,
XU14_CE10,Lu3Al5O12,False,Lattice,True,sample_field,,,,
XU13_AS,Lu3Al5O12,False,Lattice,True,sample_field,,,,
XU13_ANN,Lu3Al5O12,False,Lattice,True,sample_field,,,,
XU17_PRISTINE,LuAG,False,Lattice,True,sample_field,,,,
XU17_LIF035,LuAG,False,Lattice,True,sample_field,,,,
ZHO22_SC_X150,LuAG solid solution,False,Lattice,True,sample_field,,,,
ZHO22_SC_X200,LuAG solid solution,False,Lattice,True,sample_field,,,,
LING24_LUGDAG_CE005_GD15,LuGdAG,False,Lattice,True,sample_field,,,,
LING24_LUGDAG_CE005_GD12,LuGdAG,False,Lattice,True,sample_field,,,,
MA20_SCLU30Y00,LuYSAG,False,Lattice,True,sample_field,,,,
MA20_SCLU25Y05,LuYSAG,False,Lattice,True,sample_field,,,,
MA20_SCLU20Y10,LuYSAG,False,Lattice,True,sample_field,,,,
NIS09_T0632,Y3Al5O12,False,Lattice,True,sample_field,,,,
NIS11_T01,Y3Al5O12,False,Lattice,True,sample_field,,,,
NIS11_T03,Y3Al5O12,False,Lattice,True,sample_field,,,,
LIU15_T02,Y3Al5O12,False,Lattice,True,sample_field,,,,
LIU15_T03,Y3Al5O12,False,Lattice,True,sample_field,,,,
LIU15_T05,Y3Al5O12,False,Lattice,True,sample_field,,,,
LIU15_T08,Y3Al5O12,False,Lattice,True,sample_field,,,,
LIU15_T15,Y3Al5O12,False,Lattice,True,sample_field,,,,
YAO19_CE01,Y3Al5O12,False,Lattice,True,sample_field,,,,
YAO19_CE05,Y3Al5O12,False,Lattice,True,sample_field,,,,
YAO19_CE10,Y3Al5O12,False,Lattice,True,sample_field,,,,
YAO19_CE20,Y3Al5O12,False,Lattice,True,sample_field,,,,
ZHU21_PRE1650,Y3Al5O12,False,Lattice,True,sample_field,,,,
ZHU21_PRE1700,Y3Al5O12,False,Lattice,True,sample_field,,,,
ZHU21_PRE1750,Y3Al5O12,False,Lattice,True,sample_field,,,,
SUN21_TUBE,Y3Al5O12,False,Lattice,True,sample_field,,,,
SUN19_CE005_S1,Y3Al5O12,False,Lattice,True,sample_field,,,,
SUN19_CE005_S2,Y3Al5O12,False,Lattice,True,sample_field,,,,
SUN19_CE005_S3,Y3Al5O12,False,Lattice,True,sample_field,,,,
SUN19_CE005_S4,Y3Al5O12,False,Lattice,True,sample_field,,,,
SUN19_CE005_S5,Y3Al5O12,False,Lattice,True,sample_field,,,,
SUN19_CE020_S1,Y3Al5O12,False,Lattice,True,sample_field,,,,
SUN19_CE020_S2,Y3Al5O12,False,Lattice,True,sample_field,,,,
SUN19_CE020_S3,Y3Al5O12,False,Lattice,True,sample_field,,,,
SUN19_CE020_S4,Y3Al5O12,False,Lattice,True,sample_field,,,,
SUN19_CE020_S5,Y3Al5O12,False,Lattice,True,sample_field,,,,
HUA23_LUYAG_X000,YAG,False,Lattice,True,sample_field,,,,
SIN17_X0015_2,YAG,False,Lattice,True,sample_field,,,,
SIN17_X0030_2,YAG,False,Lattice,True,sample_field,,,,
SIN17_X0050_2,YAG,False,Lattice,True,sample_field,,,,
SIN17_X0100_2,YAG,False,Lattice,True,sample_field,,,,
SIN17_X0150,YAG,False,Lattice,True,sample_field,,,,
SIN17_X0150_2,YAG,False,Lattice,True,sample_field,,,,
SIN17_X0200,YAG,False,Lattice,True,sample_field,,,,
SIN17_X0200_2,YAG,False,Lattice,True,sample_field,,,,
LI21_CE020_A900,YAG,False,Lattice,True,sample_field,,,,
LI21_CE020_A1000,YAG,False,Lattice,True,sample_field,,,,
LI21_CE020_A1100,YAG,False,Lattice,True,sample_field,,,,
LI21_CE020_A1200,YAG,False,Lattice,True,sample_field,,,,
LI21_CE020_A1300,YAG,False,Lattice,True,sample_field,,,,
LI21_CE020_A1400,YAG,False,Lattice,True,sample_field,,,,
LI21_CE040_A900,YAG,False,Lattice,True,sample_field,,,,
LI21_CE040_A1000,YAG,False,Lattice,True,sample_field,,,,
LI21_CE040_A1100,YAG,False,Lattice,True,sample_field,,,,
LI21_CE040_A1200,YAG,False,Lattice,True,sample_field,,,,
LI21_CE040_A1300,YAG,False,Lattice,True,sample_field,,,,
LI21_CE040_A1400,YAG,False,Lattice,True,sample_field,,,,
LI21_CE060_A900,YAG,False,Lattice,True,sample_field,,,,
LI21_CE060_A1000,YAG,False,Lattice,True,sample_field,,,,
LI21_CE060_A1100,YAG,False,Lattice,True,sample_field,,,,
LI21_CE060_A1200,YAG,False,Lattice,True,sample_field,,,,
LI21_CE060_A1300,YAG,False,Lattice,True,sample_field,,,,
LI21_CE060_A1400,YAG,False,Lattice,True,sample_field,,,,
LI21_CE080_A900,YAG,False,Lattice,True,sample_field,,,,
LI21_CE080_A1000,YAG,False,Lattice,True,sample_field,,,,
LI21_CE080_A1100,YAG,False,Lattice,True,sample_field,,,,
LI21_CE080_A1200,YAG,False,Lattice,True,sample_field,,,,
LI21_CE080_A1300,YAG,False,Lattice,True,sample_field,,,,
LI21_CE080_A1400,YAG,False,Lattice,True,sample_field,,,,
OSI17_CE001,YAG,False,Lattice,True,sample_field,,,,
OSI17_CE010,YAG,False,Lattice,True,sample_field,,,,
OSI17_CE030,YAG,False,Lattice,True,sample_field,,,,
OSI17_CE050,YAG,False,Lattice,True,sample_field,,,,
WAE14_YAG_CE001_T08,YAG,False,Lattice,True,sample_field,,,,
WAE14_YAG_CE005_T08,YAG,False,Lattice,True,sample_field,,,,
FEN08_YAG_CE05,YAG,False,Lattice,True,sample_field,,,,
FEN08_YAG_CE10,YAG,False,Lattice,True,sample_field,,,,
FEN08_YAG_CE20,YAG,False,Lattice,True,sample_field,,,,
FEN08_YAG_CE40,YAG,False,Lattice,True,sample_field,,,,
MAH16_YAGG_CECR,YAGG,False,Lattice,True,sample_field,,,,
BARTA21_YAGG_GA3,YAGG,False,Lattice,True,sample_field,,,,
BARTA21_YAGG_GA4,YAGG,False,Lattice,True,sample_field,,,,
DU18_YAMSG_X20,YAMSG,False,Lattice,False,sample_field,,,,
DU18_YAMSG_X10,YAMSG,False,Lattice,False,sample_field,,,,
HUA19_YAGG_X500,YGG,False,Lattice,True,sample_field,,,,
MAH16_YGG_CECR,YGG,False,Lattice,True,sample_field,,,,
FEN08_YSAG_CE05,YSAG,False,Lattice,False,sample_field,,,,
FEN08_YSAG_CE10,YSAG,False,Lattice,False,sample_field,,,,
FEN08_YSAG_CE20,YSAG,False,Lattice,False,sample_field,,,,
FEN08_YSAG_CE40,YSAG,False,Lattice,False,sample_field,,,,
SUN20_GDLUGAG_LU35,"(Gd,Lu)AG",True,Local structure,False,sample_field,,,,
HUA23_LUYAG_X020,"(Lu,Y)AG",True,Local structure,False,sample_field,,,,
HUA23_LUYAG_X040,"(Lu,Y)AG",True,Local structure,False,sample_field,,,,
HUA23_LUYAG_X060,"(Lu,Y)AG",True,Local structure,False,sample_field,,,,
HUA23_LUYAG_X080,"(Lu,Y)AG",True,Local structure,False,sample_field,,,,
HU15_GD10,"(Y,Gd)AG",True,Local structure,False,sample_field,,,,
HU15_GD30,"(Y,Gd)AG",True,Local structure,False,sample_field,,,,
HU15_GD40,"(Y,Gd)AG",True,Local structure,False,sample_field,,,,
HU15_GD50,"(Y,Gd)AG",True,Local structure,False,sample_field,,,,
HU15_GD60,"(Y,Gd)AG",True,Local structure,False,sample_field,,,,
HU15_GD70,"(Y,Gd)AG",True,Local structure,False,sample_field,,,,
HU15_GD80,"(Y,Gd)AG",True,Local structure,False,sample_field,,,,
LIU19_GDYAG_GD00,"(Y,Gd)AG",True,Local structure,False,sample_field,,,,
LIU19_GDYAG_GD10,"(Y,Gd)AG",True,Local structure,False,sample_field,,,,
LIU19_GDYAG_GD20,"(Y,Gd)AG",True,Local structure,False,sample_field,,,,
LIU19_GDYAG_GD30,"(Y,Gd)AG",True,Local structure,False,sample_field,,,,
SHA19_GD06,"(Y,Gd)AG",True,Local structure,False,sample_field,,,,
SHA19_GD12,"(Y,Gd)AG",True,Local structure,False,sample_field,,,,
SHA19_GD18,"(Y,Gd)AG",True,Local structure,False,sample_field,,,,
SHA19_GD24,"(Y,Gd)AG",True,Local structure,False,sample_field,,,,
SHA19_GD30,"(Y,Gd)AG",True,Local structure,False,sample_field,,,,
LI24_CSS_CE08,CSS,True,Local structure,True,sample_field,,,,
LI24_CSS_CE02,CSS,True,Local structure,True,sample_field,,,,
LI24_CSS_CE04,CSS,True,Local structure,True,sample_field,,,,
LI24_CSS_CE06,CSS,True,Local structure,True,sample_field,,,,
LI24_CSS_CE10,CSS,True,Local structure,True,sample_field,,,,
LI24_CSS_CE12,CSS,True,Local structure,True,sample_field,,,,
MOR16_GAGG,GAGG,True,Local structure,False,sample_field,,,,
CHE17_GA01,GAGG,True,Local structure,False,sample_field,,,,
CHE17_GA03,GAGG,True,Local structure,False,sample_field,,,,
CHE17_GA04,GAGG,True,Local structure,False,sample_field,,,,
CHE17_GA05,GAGG,True,Local structure,False,sample_field,,,,
CHE17_GA07,GAGG,True,Local structure,False,sample_field,,,,
LIU19_ACS_GAGG_T08,GAGG,True,Local structure,False,sample_field,,,,
HOS19_N4_1600,GGAG,True,Local structure,False,sample_field,,,,
MENG20_GLMS_Z00,GLMS,True,Local structure,False,sample_field,,,,
MENG20_GLMS_Z05,GLMS,True,Local structure,False,sample_field,,,,
MENG20_GLMS_Z10,GLMS,True,Local structure,False,sample_field,,,,
MA21_GSC40_CE04,GSAG,True,Local structure,True,sample_field,,,,
MA21_GSC40_CE06,GSAG,True,Local structure,True,sample_field,,,,
MA21_GSC40_CE08,GSAG,True,Local structure,True,sample_field,,,,
MA21_GSC40_CE10,GSAG,True,Local structure,True,sample_field,,,,
MA21_GSC40_CE12,GSAG,True,Local structure,True,sample_field,,,,
MA21_GYSC00_CE04,Gd-Y-ScAG,True,Local structure,True,sample_field,,,,
ZHO22_LUAG_BASE,LuAG,True,Local structure,True,sample_field,,,,
HUA23_LUYAG_X0999,LuAG,True,Local structure,False,sample_field,,,,
LI16_LUAG_CE003,LuAG,True,Local structure,False,sample_field,,,,
WANG24_LUAG_CE005,LuAG,True,Local structure,False,sample_field,,,,
WANG24_LUAG_CE010,LuAG,True,Local structure,False,sample_field,,,,
WANG24_LUAG_CE020,LuAG,True,Local structure,False,sample_field,,,,
WANG24_LUAG_CE030,LuAG,True,Local structure,False,sample_field,,,,
WANG24_LUAG_CE035,LuAG,True,Local structure,False,sample_field,,,,
WANG24_LUAG_CE040,LuAG,True,Local structure,False,sample_field,,,,
WANG24_LUAG_CE045,LuAG,True,Local structure,False,sample_field,,,,
WANG24_LUAG_CE050,LuAG,True,Local structure,False,sample_field,,,,
WANG24_LUAG_CE055,LuAG,True,Local structure,False,sample_field,,,,
WANG24_LUAG_CE060,LuAG,True,Local structure,False,sample_field,,,,
WANG24_LUAG_CE070,LuAG,True,Local structure,False,sample_field,,,,
ZHO22_GA_X050,LuAG solid solution,True,Local structure,False,sample_field,,,,
ZHO22_GA_X100,LuAG solid solution,True,Local structure,False,sample_field,,,,
ZHO22_GA_X150,LuAG solid solution,True,Local structure,False,sample_field,,,,
ZHO22_GA_X200,LuAG solid solution,True,Local structure,False,sample_field,,,,
ZHO22_SC_X050,LuAG solid solution,True,Local structure,False,sample_field,,,,
ZHO22_SC_X100,LuAG solid solution,True,Local structure,False,sample_field,,,,
ZHO22_GA_X075,LuAG solid solution,True,Local structure,False,sample_field,,,,
ZHO22_GA_X125,LuAG solid solution,True,Local structure,False,sample_field,,,,
ZHO22_SC_X075,LuAG solid solution,True,Local structure,False,sample_field,,,,
ZHO22_SC_X125,LuAG solid solution,True,Local structure,False,sample_field,,,,
MOR16_LUAGG,LuAGG,True,Local structure,False,sample_field,,,,
YANG26_LUAGG_GA150,LuAGG,True,Local structure,False,sample_field,,,,
YANG26_LUAGG_GA050,LuAGG,True,Local structure,False,sample_field,,,,
YANG26_LUAGG_GA075,LuAGG,True,Local structure,False,sample_field,,,,
YANG26_LUAGG_GA100,LuAGG,True,Local structure,False,sample_field,,,,
YANG26_LUAGG_GA200,LuAGG,True,Local structure,False,sample_field,,,,
LING24_LUGDAG_CE005_GD00,LuGdAG,True,Local structure,True,sample_field,,,,
LING24_LUGDAG_CE005_GD03,LuGdAG,True,Local structure,False,sample_field,,,,
LING24_LUGDAG_CE005_GD06,LuGdAG,True,Local structure,False,sample_field,,,,
LING24_LUGDAG_CE005_GD09,LuGdAG,True,Local structure,False,sample_field,,,,
LING24_LUGDAG_CE007_GD09,LuGdAG,True,Local structure,False,sample_field,,,,
LING24_LUGDAG_CE009_GD09,LuGdAG,True,Local structure,False,sample_field,,,,
LING24_LUGDAG_CE011_GD09,LuGdAG,True,Local structure,False,sample_field,,,,
LING24_LUGDAG_CE013_GD09,LuGdAG,True,Local structure,False,sample_field,,,,
MA20_SCLU15Y15,LuYSAG,True,Local structure,True,sample_field,,,,
MA20_SCLU10Y20,LuYSAG,True,Local structure,True,sample_field,,,,
MA20_SCLU05Y25,LuYSAG,True,Local structure,True,sample_field,,,,
MA20_SCLU00Y30,LuYSAG,True,Local structure,True,sample_field,,,,
NIS11_T02,Y3Al5O12,True,Local structure,True,sample_field,,,,
LI21_CE100_A000,YAG,True,Local structure,True,sample_field,,,,
LI21_CE100_A900,YAG,True,Local structure,True,sample_field,,,,
LI21_CE100_A1000,YAG,True,Local structure,True,sample_field,,,,
LI21_CE100_A1100,YAG,True,Local structure,True,sample_field,,,,
LI21_CE100_A1200,YAG,True,Local structure,True,sample_field,,,,
LI21_CE100_A1300,YAG,True,Local structure,True,sample_field,,,,
LI21_CE100_A1400,YAG,True,Local structure,True,sample_field,,,,
HUA19_YAGG_X000,YAG,True,Local structure,True,sample_field,,,,
WAE14_YAG_CE001_T05,YAG,True,Local structure,True,sample_field,,,,
WAE14_YAG_CE005_T05,YAG,True,Local structure,True,sample_field,,,,
WAE14_YAG_CE010_T05,YAG,True,Local structure,True,sample_field,,,,
MA21_YSC00_CE04,YAG,True,Local structure,True,sample_field,,,,
HU16_CE005_T040,YAG,True,Local structure,True,sample_field,,,,
HU16_CE010_T040,YAG,True,Local structure,True,sample_field,,,,
HU16_CE020_T040,YAG,True,Local structure,True,sample_field,,,,
HU16_CE050_T040,YAG,True,Local structure,True,sample_field,,,,
HU16_CE070_T040,YAG,True,Local structure,True,sample_field,,,,
HU16_CE100_T040,YAG,True,Local structure,True,sample_field,,,,
HU16_CE010_T025,YAG,True,Local structure,True,sample_field,,,,
HU16_CE010_T050,YAG,True,Local structure,True,sample_field,,,,
HU16_CE010_T070,YAG,True,Local structure,True,sample_field,,,,
HU16_CE010_T100,YAG,True,Local structure,True,sample_field,,,,
SHA19_GD00,YAG,True,Local structure,True,sample_field,,,,
LI21_CE020_A000,YAG,True,Local structure,True,sample_field,,,,
LI21_CE040_A000,YAG,True,Local structure,True,sample_field,,,,
LI21_CE060_A000,YAG,True,Local structure,True,sample_field,,,,
LI21_CE080_A000,YAG,True,Local structure,True,sample_field,,,,
SIN17_X0015,YAG,True,Local structure,True,sample_field,,,,
SIN17_X0030,YAG,True,Local structure,True,sample_field,,,,
SIN17_X0050,YAG,True,Local structure,True,sample_field,,,,
SIN17_X0100,YAG,True,Local structure,True,sample_field,,,,
HU15_GD00,YAG,True,Local structure,False,sample_field,,,,
LI16_YAG_CE003,YAG,True,Local structure,False,sample_field,,,,
BARTA21_YAG,YAG,True,Local structure,False,sample_field,,,,
HUA19_YAGG_X100,YAGG,True,Local structure,True,sample_field,,,,
HUA19_YAGG_X200,YAGG,True,Local structure,True,sample_field,,,,
HUA19_YAGG_X300,YAGG,True,Local structure,True,sample_field,,,,
HUA19_YAGG_X400,YAGG,True,Local structure,True,sample_field,,,,
MOR16_YAGG,YAGG,True,Local structure,False,sample_field,,,,
BARTA21_YAGG_GA1,YAGG,True,Local structure,False,sample_field,,,,
BARTA21_YAGG_GA2,YAGG,True,Local structure,False,sample_field,,,,
DU18_YAMSG_X00,YAMSG,True,Local structure,True,sample_field,,,,
DU18_YAMSG_X05,YAMSG,True,Local structure,True,sample_field,,,,
UED11_YSGG_AS,YSGG,True,Local structure,False,sample_field,,,,
UED11_YSGG_O2,YSGG,True,Local structure,False,sample_field,,,,
LIU19_GDYAG_GD40,"(Y,Gd)AG",False,Local structure,False,sample_field,,,,
LIU19_GDYAG_GD50,"(Y,Gd)AG",False,Local structure,False,sample_field,,,,
LIU19_ACS_GAGG_T04,GAGG,False,Local structure,False,sample_field,,,,
LIU19_ACS_GAGG_T06,GAGG,False,Local structure,False,sample_field,,,,
LIU19_ACS_GAGG_T10,GAGG,False,Local structure,False,sample_field,,,,
CHE17_GA09,GAGG,False,Local structure,False,sample_field,,,,
HOS19_M2_1550,GGAG,False,Local structure,False,sample_field,,,,
HOS19_M2_1600,GGAG,False,Local structure,False,sample_field,,,,
HOS19_M2_1615,GGAG,False,Local structure,False,sample_field,,,,
HOS19_M2_1625,GGAG,False,Local structure,False,sample_field,,,,
HOS19_M4_1600,GGAG,False,Local structure,False,sample_field,,,,
HOS19_N2_1550,GGAG,False,Local structure,False,sample_field,,,,
HOS19_N2_1600,GGAG,False,Local structure,False,sample_field,,,,
HOS19_N2_1615,GGAG,False,Local structure,False,sample_field,,,,
HOS19_N2_1625,GGAG,False,Local structure,False,sample_field,,,,
HIR17_GYAG_CE035,GYAG,False,Local structure,False,sample_field,,,,
HIR17_GYAG_CE050,GYAG,False,Local structure,False,sample_field,,,,
HIR17_GYAG_CE065,GYAG,False,Local structure,False,sample_field,,,,
MA21_GYSC20_CE04,Gd-Y-ScAG,False,Local structure,True,sample_field,,,,
MA21_GSC20_CE04,Gd-Y-ScAG,False,Local structure,True,sample_field,,,,
MA21_GSC30_CE04,Gd-Y-ScAG,False,Local structure,True,sample_field,,,,
SUN20_LMAS_CE08,LMAS,False,Local structure,False,sample_field,,,,
SUN20_LMAS_CE02,LMAS,False,Local structure,False,sample_field,,,,
SUN20_LMAS_CE04,LMAS,False,Local structure,False,sample_field,,,,
SUN20_LMAS_CE06,LMAS,False,Local structure,False,sample_field,,,,
SUN20_LMAS_CE10,LMAS,False,Local structure,False,sample_field,,,,
SUN20_LMAS_CE12,LMAS,False,Local structure,False,sample_field,,,,
LIU14_LUAG,Lu3Al5O12,False,Local structure,True,sample_field,,,,
XU14_CE03,Lu3Al5O12,False,Local structure,True,sample_field,,,,
XU14_CE05,Lu3Al5O12,False,Local structure,True,sample_field,,,,
XU14_CE08,Lu3Al5O12,False,Local structure,True,sample_field,,,,
XU14_CE10,Lu3Al5O12,False,Local structure,True,sample_field,,,,
XU13_AS,Lu3Al5O12,False,Local structure,True,sample_field,,,,
XU13_ANN,Lu3Al5O12,False,Local structure,True,sample_field,,,,
XU17_PRISTINE,LuAG,False,Local structure,True,sample_field,,,,
XU17_LIF035,LuAG,False,Local structure,True,sample_field,,,,
ZHO22_SC_X150,LuAG solid solution,False,Local structure,False,sample_field,,,,
ZHO22_SC_X200,LuAG solid solution,False,Local structure,False,sample_field,,,,
LING24_LUGDAG_CE005_GD15,LuGdAG,False,Local structure,True,sample_field,,,,
LING24_LUGDAG_CE005_GD12,LuGdAG,False,Local structure,False,sample_field,,,,
MA20_SCLU30Y00,LuYSAG,False,Local structure,True,sample_field,,,,
MA20_SCLU25Y05,LuYSAG,False,Local structure,True,sample_field,,,,
MA20_SCLU20Y10,LuYSAG,False,Local structure,True,sample_field,,,,
NIS09_T0632,Y3Al5O12,False,Local structure,True,sample_field,,,,
NIS11_T01,Y3Al5O12,False,Local structure,True,sample_field,,,,
NIS11_T03,Y3Al5O12,False,Local structure,True,sample_field,,,,
LIU15_T02,Y3Al5O12,False,Local structure,True,sample_field,,,,
LIU15_T03,Y3Al5O12,False,Local structure,True,sample_field,,,,
LIU15_T05,Y3Al5O12,False,Local structure,True,sample_field,,,,
LIU15_T08,Y3Al5O12,False,Local structure,True,sample_field,,,,
LIU15_T15,Y3Al5O12,False,Local structure,True,sample_field,,,,
YAO19_CE01,Y3Al5O12,False,Local structure,True,sample_field,,,,
YAO19_CE05,Y3Al5O12,False,Local structure,True,sample_field,,,,
YAO19_CE10,Y3Al5O12,False,Local structure,True,sample_field,,,,
YAO19_CE20,Y3Al5O12,False,Local structure,True,sample_field,,,,
ZHU21_PRE1650,Y3Al5O12,False,Local structure,True,sample_field,,,,
ZHU21_PRE1700,Y3Al5O12,False,Local structure,True,sample_field,,,,
ZHU21_PRE1750,Y3Al5O12,False,Local structure,True,sample_field,,,,
SUN21_TUBE,Y3Al5O12,False,Local structure,True,sample_field,,,,
SUN19_CE005_S1,Y3Al5O12,False,Local structure,True,sample_field,,,,
SUN19_CE005_S2,Y3Al5O12,False,Local structure,True,sample_field,,,,
SUN19_CE005_S3,Y3Al5O12,False,Local structure,True,sample_field,,,,
SUN19_CE005_S4,Y3Al5O12,False,Local structure,True,sample_field,,,,
SUN19_CE005_S5,Y3Al5O12,False,Local structure,True,sample_field,,,,
SUN19_CE020_S1,Y3Al5O12,False,Local structure,True,sample_field,,,,
SUN19_CE020_S2,Y3Al5O12,False,Local structure,True,sample_field,,,,
SUN19_CE020_S3,Y3Al5O12,False,Local structure,True,sample_field,,,,
SUN19_CE020_S4,Y3Al5O12,False,Local structure,True,sample_field,,,,
SUN19_CE020_S5,Y3Al5O12,False,Local structure,True,sample_field,,,,
HUA23_LUYAG_X000,YAG,False,Local structure,True,sample_field,,,,
SIN17_X0015_2,YAG,False,Local structure,True,sample_field,,,,
SIN17_X0030_2,YAG,False,Local structure,True,sample_field,,,,
SIN17_X0050_2,YAG,False,Local structure,True,sample_field,,,,
SIN17_X0100_2,YAG,False,Local structure,True,sample_field,,,,
SIN17_X0150,YAG,False,Local structure,True,sample_field,,,,
SIN17_X0150_2,YAG,False,Local structure,True,sample_field,,,,
SIN17_X0200,YAG,False,Local structure,True,sample_field,,,,
SIN17_X0200_2,YAG,False,Local structure,True,sample_field,,,,
LI21_CE020_A900,YAG,False,Local structure,True,sample_field,,,,
LI21_CE020_A1000,YAG,False,Local structure,True,sample_field,,,,
LI21_CE020_A1100,YAG,False,Local structure,True,sample_field,,,,
LI21_CE020_A1200,YAG,False,Local structure,True,sample_field,,,,
LI21_CE020_A1300,YAG,False,Local structure,True,sample_field,,,,
LI21_CE020_A1400,YAG,False,Local structure,True,sample_field,,,,
LI21_CE040_A900,YAG,False,Local structure,True,sample_field,,,,
LI21_CE040_A1000,YAG,False,Local structure,True,sample_field,,,,
LI21_CE040_A1100,YAG,False,Local structure,True,sample_field,,,,
LI21_CE040_A1200,YAG,False,Local structure,True,sample_field,,,,
LI21_CE040_A1300,YAG,False,Local structure,True,sample_field,,,,
LI21_CE040_A1400,YAG,False,Local structure,True,sample_field,,,,
LI21_CE060_A900,YAG,False,Local structure,True,sample_field,,,,
LI21_CE060_A1000,YAG,False,Local structure,True,sample_field,,,,
LI21_CE060_A1100,YAG,False,Local structure,True,sample_field,,,,
LI21_CE060_A1200,YAG,False,Local structure,True,sample_field,,,,
LI21_CE060_A1300,YAG,False,Local structure,True,sample_field,,,,
LI21_CE060_A1400,YAG,False,Local structure,True,sample_field,,,,
LI21_CE080_A900,YAG,False,Local structure,True,sample_field,,,,
LI21_CE080_A1000,YAG,False,Local structure,True,sample_field,,,,
LI21_CE080_A1100,YAG,False,Local structure,True,sample_field,,,,
LI21_CE080_A1200,YAG,False,Local structure,True,sample_field,,,,
LI21_CE080_A1300,YAG,False,Local structure,True,sample_field,,,,
LI21_CE080_A1400,YAG,False,Local structure,True,sample_field,,,,
OSI17_CE001,YAG,False,Local structure,True,sample_field,,,,
OSI17_CE010,YAG,False,Local structure,True,sample_field,,,,
OSI17_CE030,YAG,False,Local structure,True,sample_field,,,,
OSI17_CE050,YAG,False,Local structure,True,sample_field,,,,
WAE14_YAG_CE001_T08,YAG,False,Local structure,True,sample_field,,,,
WAE14_YAG_CE005_T08,YAG,False,Local structure,True,sample_field,,,,
FEN08_YAG_CE05,YAG,False,Local structure,True,sample_field,,,,
FEN08_YAG_CE10,YAG,False,Local structure,True,sample_field,,,,
FEN08_YAG_CE20,YAG,False,Local structure,True,sample_field,,,,
FEN08_YAG_CE40,YAG,False,Local structure,True,sample_field,,,,
MAH16_YAGG_CECR,YAGG,False,Local structure,True,sample_field,,,,
BARTA21_YAGG_GA3,YAGG,False,Local structure,False,sample_field,,,,
BARTA21_YAGG_GA4,YAGG,False,Local structure,False,sample_field,,,,
DU18_YAMSG_X20,YAMSG,False,Local structure,False,sample_field,,,,
DU18_YAMSG_X10,YAMSG,False,Local structure,False,sample_field,,,,
HUA19_YAGG_X500,YGG,False,Local structure,True,sample_field,,,,
MAH16_YGG_CECR,YGG,False,Local structure,True,sample_field,,,,
FEN08_YSAG_CE05,YSAG,False,Local structure,False,sample_field,,,,
FEN08_YSAG_CE10,YSAG,False,Local structure,False,sample_field,,,,
FEN08_YSAG_CE20,YSAG,False,Local structure,False,sample_field,,,,
FEN08_YSAG_CE40,YSAG,False,Local structure,False,sample_field,,,,
SUN20_GDLUGAG_LU35,"(Gd,Lu)AG",True,Thickness,True,sample_field,,,,
HUA23_LUYAG_X020,"(Lu,Y)AG",True,Thickness,True,sample_field,,,,
HUA23_LUYAG_X040,"(Lu,Y)AG",True,Thickness,True,sample_field,,,,
HUA23_LUYAG_X060,"(Lu,Y)AG",True,Thickness,True,sample_field,,,,
HUA23_LUYAG_X080,"(Lu,Y)AG",True,Thickness,True,sample_field,,,,
HU15_GD10,"(Y,Gd)AG",True,Thickness,True,sample_field,,,,
HU15_GD30,"(Y,Gd)AG",True,Thickness,True,sample_field,,,,
HU15_GD40,"(Y,Gd)AG",True,Thickness,True,sample_field,,,,
HU15_GD50,"(Y,Gd)AG",True,Thickness,True,sample_field,,,,
HU15_GD60,"(Y,Gd)AG",True,Thickness,True,sample_field,,,,
HU15_GD70,"(Y,Gd)AG",True,Thickness,True,sample_field,,,,
HU15_GD80,"(Y,Gd)AG",True,Thickness,True,sample_field,,,,
LIU19_GDYAG_GD00,"(Y,Gd)AG",True,Thickness,True,sample_field,,,,
LIU19_GDYAG_GD10,"(Y,Gd)AG",True,Thickness,True,sample_field,,,,
LIU19_GDYAG_GD20,"(Y,Gd)AG",True,Thickness,True,sample_field,,,,
LIU19_GDYAG_GD30,"(Y,Gd)AG",True,Thickness,True,sample_field,,,,
SHA19_GD06,"(Y,Gd)AG",True,Thickness,True,sample_field,,,,
SHA19_GD12,"(Y,Gd)AG",True,Thickness,True,sample_field,,,,
SHA19_GD18,"(Y,Gd)AG",True,Thickness,True,sample_field,,,,
SHA19_GD24,"(Y,Gd)AG",True,Thickness,True,sample_field,,,,
SHA19_GD30,"(Y,Gd)AG",True,Thickness,True,sample_field,,,,
LI24_CSS_CE08,CSS,True,Thickness,False,sample_field,,,,
LI24_CSS_CE02,CSS,True,Thickness,False,sample_field,,,,
LI24_CSS_CE04,CSS,True,Thickness,False,sample_field,,,,
LI24_CSS_CE06,CSS,True,Thickness,False,sample_field,,,,
LI24_CSS_CE10,CSS,True,Thickness,False,sample_field,,,,
LI24_CSS_CE12,CSS,True,Thickness,False,sample_field,,,,
MOR16_GAGG,GAGG,True,Thickness,True,sample_field,,,,
CHE17_GA01,GAGG,True,Thickness,True,sample_field,,,,
CHE17_GA03,GAGG,True,Thickness,True,sample_field,,,,
CHE17_GA04,GAGG,True,Thickness,True,sample_field,,,,
CHE17_GA05,GAGG,True,Thickness,True,sample_field,,,,
CHE17_GA07,GAGG,True,Thickness,True,sample_field,,,,
LIU19_ACS_GAGG_T08,GAGG,True,Thickness,True,sample_field,,,,
HOS19_N4_1600,GGAG,True,Thickness,True,sample_field,,,,
MENG20_GLMS_Z00,GLMS,True,Thickness,True,sample_field,,,,
MENG20_GLMS_Z05,GLMS,True,Thickness,True,sample_field,,,,
MENG20_GLMS_Z10,GLMS,True,Thickness,True,sample_field,,,,
MA21_GSC40_CE04,GSAG,True,Thickness,True,sample_field,,,,
MA21_GSC40_CE06,GSAG,True,Thickness,True,sample_field,,,,
MA21_GSC40_CE08,GSAG,True,Thickness,True,sample_field,,,,
MA21_GSC40_CE10,GSAG,True,Thickness,True,sample_field,,,,
MA21_GSC40_CE12,GSAG,True,Thickness,True,sample_field,,,,
MA21_GYSC00_CE04,Gd-Y-ScAG,True,Thickness,True,sample_field,,,,
ZHO22_LUAG_BASE,LuAG,True,Thickness,True,sample_field,,,,
HUA23_LUYAG_X0999,LuAG,True,Thickness,True,sample_field,,,,
LI16_LUAG_CE003,LuAG,True,Thickness,True,sample_field,,,,
WANG24_LUAG_CE005,LuAG,True,Thickness,True,sample_field,,,,
WANG24_LUAG_CE010,LuAG,True,Thickness,True,sample_field,,,,
WANG24_LUAG_CE020,LuAG,True,Thickness,True,sample_field,,,,
WANG24_LUAG_CE030,LuAG,True,Thickness,True,sample_field,,,,
WANG24_LUAG_CE035,LuAG,True,Thickness,True,sample_field,,,,
WANG24_LUAG_CE040,LuAG,True,Thickness,True,sample_field,,,,
WANG24_LUAG_CE045,LuAG,True,Thickness,True,sample_field,,,,
WANG24_LUAG_CE050,LuAG,True,Thickness,True,sample_field,,,,
WANG24_LUAG_CE055,LuAG,True,Thickness,True,sample_field,,,,
WANG24_LUAG_CE060,LuAG,True,Thickness,True,sample_field,,,,
WANG24_LUAG_CE070,LuAG,True,Thickness,True,sample_field,,,,
ZHO22_GA_X050,LuAG solid solution,True,Thickness,True,sample_field,,,,
ZHO22_GA_X100,LuAG solid solution,True,Thickness,True,sample_field,,,,
ZHO22_GA_X150,LuAG solid solution,True,Thickness,True,sample_field,,,,
ZHO22_GA_X200,LuAG solid solution,True,Thickness,True,sample_field,,,,
ZHO22_SC_X050,LuAG solid solution,True,Thickness,True,sample_field,,,,
ZHO22_SC_X100,LuAG solid solution,True,Thickness,True,sample_field,,,,
ZHO22_GA_X075,LuAG solid solution,True,Thickness,True,sample_field,,,,
ZHO22_GA_X125,LuAG solid solution,True,Thickness,True,sample_field,,,,
ZHO22_SC_X075,LuAG solid solution,True,Thickness,True,sample_field,,,,
ZHO22_SC_X125,LuAG solid solution,True,Thickness,True,sample_field,,,,
MOR16_LUAGG,LuAGG,True,Thickness,True,sample_field,,,,
YANG26_LUAGG_GA150,LuAGG,True,Thickness,False,sample_field,,,,
YANG26_LUAGG_GA050,LuAGG,True,Thickness,False,sample_field,,,,
YANG26_LUAGG_GA075,LuAGG,True,Thickness,False,sample_field,,,,
YANG26_LUAGG_GA100,LuAGG,True,Thickness,False,sample_field,,,,
YANG26_LUAGG_GA200,LuAGG,True,Thickness,False,sample_field,,,,
LING24_LUGDAG_CE005_GD00,LuGdAG,True,Thickness,True,sample_field,,,,
LING24_LUGDAG_CE005_GD03,LuGdAG,True,Thickness,True,sample_field,,,,
LING24_LUGDAG_CE005_GD06,LuGdAG,True,Thickness,True,sample_field,,,,
LING24_LUGDAG_CE005_GD09,LuGdAG,True,Thickness,True,sample_field,,,,
LING24_LUGDAG_CE007_GD09,LuGdAG,True,Thickness,True,sample_field,,,,
LING24_LUGDAG_CE009_GD09,LuGdAG,True,Thickness,True,sample_field,,,,
LING24_LUGDAG_CE011_GD09,LuGdAG,True,Thickness,True,sample_field,,,,
LING24_LUGDAG_CE013_GD09,LuGdAG,True,Thickness,True,sample_field,,,,
MA20_SCLU15Y15,LuYSAG,True,Thickness,True,sample_field,,,,
MA20_SCLU10Y20,LuYSAG,True,Thickness,True,sample_field,,,,
MA20_SCLU05Y25,LuYSAG,True,Thickness,True,sample_field,,,,
MA20_SCLU00Y30,LuYSAG,True,Thickness,True,sample_field,,,,
NIS11_T02,Y3Al5O12,True,Thickness,True,sample_field,,,,
LI21_CE100_A000,YAG,True,Thickness,True,sample_field,,,,
LI21_CE100_A900,YAG,True,Thickness,True,sample_field,,,,
LI21_CE100_A1000,YAG,True,Thickness,True,sample_field,,,,
LI21_CE100_A1100,YAG,True,Thickness,True,sample_field,,,,
LI21_CE100_A1200,YAG,True,Thickness,True,sample_field,,,,
LI21_CE100_A1300,YAG,True,Thickness,True,sample_field,,,,
LI21_CE100_A1400,YAG,True,Thickness,True,sample_field,,,,
HUA19_YAGG_X000,YAG,True,Thickness,True,sample_field,,,,
WAE14_YAG_CE001_T05,YAG,True,Thickness,True,sample_field,,,,
WAE14_YAG_CE005_T05,YAG,True,Thickness,True,sample_field,,,,
WAE14_YAG_CE010_T05,YAG,True,Thickness,True,sample_field,,,,
MA21_YSC00_CE04,YAG,True,Thickness,True,sample_field,,,,
HU16_CE005_T040,YAG,True,Thickness,True,sample_field,,,,
HU16_CE010_T040,YAG,True,Thickness,True,sample_field,,,,
HU16_CE020_T040,YAG,True,Thickness,True,sample_field,,,,
HU16_CE050_T040,YAG,True,Thickness,True,sample_field,,,,
HU16_CE070_T040,YAG,True,Thickness,True,sample_field,,,,
HU16_CE100_T040,YAG,True,Thickness,True,sample_field,,,,
HU16_CE010_T025,YAG,True,Thickness,True,sample_field,,,,
HU16_CE010_T050,YAG,True,Thickness,True,sample_field,,,,
HU16_CE010_T070,YAG,True,Thickness,True,sample_field,,,,
HU16_CE010_T100,YAG,True,Thickness,True,sample_field,,,,
SHA19_GD00,YAG,True,Thickness,True,sample_field,,,,
LI21_CE020_A000,YAG,True,Thickness,True,sample_field,,,,
LI21_CE040_A000,YAG,True,Thickness,True,sample_field,,,,
LI21_CE060_A000,YAG,True,Thickness,True,sample_field,,,,
LI21_CE080_A000,YAG,True,Thickness,True,sample_field,,,,
SIN17_X0015,YAG,True,Thickness,True,sample_field,,,,
SIN17_X0030,YAG,True,Thickness,True,sample_field,,,,
SIN17_X0050,YAG,True,Thickness,True,sample_field,,,,
SIN17_X0100,YAG,True,Thickness,True,sample_field,,,,
HU15_GD00,YAG,True,Thickness,True,sample_field,,,,
LI16_YAG_CE003,YAG,True,Thickness,True,sample_field,,,,
BARTA21_YAG,YAG,True,Thickness,False,sample_field,,,,
HUA19_YAGG_X100,YAGG,True,Thickness,True,sample_field,,,,
HUA19_YAGG_X200,YAGG,True,Thickness,True,sample_field,,,,
HUA19_YAGG_X300,YAGG,True,Thickness,True,sample_field,,,,
HUA19_YAGG_X400,YAGG,True,Thickness,True,sample_field,,,,
MOR16_YAGG,YAGG,True,Thickness,True,sample_field,,,,
BARTA21_YAGG_GA1,YAGG,True,Thickness,False,sample_field,,,,
BARTA21_YAGG_GA2,YAGG,True,Thickness,False,sample_field,,,,
DU18_YAMSG_X00,YAMSG,True,Thickness,True,sample_field,,,,
DU18_YAMSG_X05,YAMSG,True,Thickness,True,sample_field,,,,
UED11_YSGG_AS,YSGG,True,Thickness,False,sample_field,,,,
UED11_YSGG_O2,YSGG,True,Thickness,False,sample_field,,,,
LIU19_GDYAG_GD40,"(Y,Gd)AG",False,Thickness,True,sample_field,,,,
LIU19_GDYAG_GD50,"(Y,Gd)AG",False,Thickness,True,sample_field,,,,
LIU19_ACS_GAGG_T04,GAGG,False,Thickness,True,sample_field,,,,
LIU19_ACS_GAGG_T06,GAGG,False,Thickness,True,sample_field,,,,
LIU19_ACS_GAGG_T10,GAGG,False,Thickness,True,sample_field,,,,
CHE17_GA09,GAGG,False,Thickness,True,sample_field,,,,
HOS19_M2_1550,GGAG,False,Thickness,True,sample_field,,,,
HOS19_M2_1600,GGAG,False,Thickness,True,sample_field,,,,
HOS19_M2_1615,GGAG,False,Thickness,True,sample_field,,,,
HOS19_M2_1625,GGAG,False,Thickness,True,sample_field,,,,
HOS19_M4_1600,GGAG,False,Thickness,True,sample_field,,,,
HOS19_N2_1550,GGAG,False,Thickness,True,sample_field,,,,
HOS19_N2_1600,GGAG,False,Thickness,True,sample_field,,,,
HOS19_N2_1615,GGAG,False,Thickness,True,sample_field,,,,
HOS19_N2_1625,GGAG,False,Thickness,True,sample_field,,,,
HIR17_GYAG_CE035,GYAG,False,Thickness,True,sample_field,,,,
HIR17_GYAG_CE050,GYAG,False,Thickness,True,sample_field,,,,
HIR17_GYAG_CE065,GYAG,False,Thickness,True,sample_field,,,,
MA21_GYSC20_CE04,Gd-Y-ScAG,False,Thickness,True,sample_field,,,,
MA21_GSC20_CE04,Gd-Y-ScAG,False,Thickness,True,sample_field,,,,
MA21_GSC30_CE04,Gd-Y-ScAG,False,Thickness,True,sample_field,,,,
SUN20_LMAS_CE08,LMAS,False,Thickness,True,sample_field,,,,
SUN20_LMAS_CE02,LMAS,False,Thickness,True,sample_field,,,,
SUN20_LMAS_CE04,LMAS,False,Thickness,True,sample_field,,,,
SUN20_LMAS_CE06,LMAS,False,Thickness,True,sample_field,,,,
SUN20_LMAS_CE10,LMAS,False,Thickness,True,sample_field,,,,
SUN20_LMAS_CE12,LMAS,False,Thickness,True,sample_field,,,,
LIU14_LUAG,Lu3Al5O12,False,Thickness,True,sample_field,,,,
XU14_CE03,Lu3Al5O12,False,Thickness,True,sample_field,,,,
XU14_CE05,Lu3Al5O12,False,Thickness,True,sample_field,,,,
XU14_CE08,Lu3Al5O12,False,Thickness,True,sample_field,,,,
XU14_CE10,Lu3Al5O12,False,Thickness,True,sample_field,,,,
XU13_AS,Lu3Al5O12,False,Thickness,True,sample_field,,,,
XU13_ANN,Lu3Al5O12,False,Thickness,True,sample_field,,,,
XU17_PRISTINE,LuAG,False,Thickness,True,sample_field,,,,
XU17_LIF035,LuAG,False,Thickness,True,sample_field,,,,
ZHO22_SC_X150,LuAG solid solution,False,Thickness,True,sample_field,,,,
ZHO22_SC_X200,LuAG solid solution,False,Thickness,True,sample_field,,,,
LING24_LUGDAG_CE005_GD15,LuGdAG,False,Thickness,True,sample_field,,,,
LING24_LUGDAG_CE005_GD12,LuGdAG,False,Thickness,True,sample_field,,,,
MA20_SCLU30Y00,LuYSAG,False,Thickness,True,sample_field,,,,
MA20_SCLU25Y05,LuYSAG,False,Thickness,True,sample_field,,,,
MA20_SCLU20Y10,LuYSAG,False,Thickness,True,sample_field,,,,
NIS09_T0632,Y3Al5O12,False,Thickness,True,sample_field,,,,
NIS11_T01,Y3Al5O12,False,Thickness,True,sample_field,,,,
NIS11_T03,Y3Al5O12,False,Thickness,True,sample_field,,,,
LIU15_T02,Y3Al5O12,False,Thickness,True,sample_field,,,,
LIU15_T03,Y3Al5O12,False,Thickness,True,sample_field,,,,
LIU15_T05,Y3Al5O12,False,Thickness,True,sample_field,,,,
LIU15_T08,Y3Al5O12,False,Thickness,True,sample_field,,,,
LIU15_T15,Y3Al5O12,False,Thickness,True,sample_field,,,,
YAO19_CE01,Y3Al5O12,False,Thickness,True,sample_field,,,,
YAO19_CE05,Y3Al5O12,False,Thickness,True,sample_field,,,,
YAO19_CE10,Y3Al5O12,False,Thickness,True,sample_field,,,,
YAO19_CE20,Y3Al5O12,False,Thickness,True,sample_field,,,,
ZHU21_PRE1650,Y3Al5O12,False,Thickness,True,sample_field,,,,
ZHU21_PRE1700,Y3Al5O12,False,Thickness,True,sample_field,,,,
ZHU21_PRE1750,Y3Al5O12,False,Thickness,True,sample_field,,,,
SUN21_TUBE,Y3Al5O12,False,Thickness,True,sample_field,,,,
SUN19_CE005_S1,Y3Al5O12,False,Thickness,False,sample_field,,,,
SUN19_CE005_S2,Y3Al5O12,False,Thickness,False,sample_field,,,,
SUN19_CE005_S3,Y3Al5O12,False,Thickness,False,sample_field,,,,
SUN19_CE005_S4,Y3Al5O12,False,Thickness,False,sample_field,,,,
SUN19_CE005_S5,Y3Al5O12,False,Thickness,False,sample_field,,,,
SUN19_CE020_S1,Y3Al5O12,False,Thickness,False,sample_field,,,,
SUN19_CE020_S2,Y3Al5O12,False,Thickness,False,sample_field,,,,
SUN19_CE020_S3,Y3Al5O12,False,Thickness,False,sample_field,,,,
SUN19_CE020_S4,Y3Al5O12,False,Thickness,False,sample_field,,,,
SUN19_CE020_S5,Y3Al5O12,False,Thickness,False,sample_field,,,,
HUA23_LUYAG_X000,YAG,False,Thickness,True,sample_field,,,,
SIN17_X0015_2,YAG,False,Thickness,True,sample_field,,,,
SIN17_X0030_2,YAG,False,Thickness,True,sample_field,,,,
SIN17_X0050_2,YAG,False,Thickness,True,sample_field,,,,
SIN17_X0100_2,YAG,False,Thickness,True,sample_field,,,,
SIN17_X0150,YAG,False,Thickness,True,sample_field,,,,
SIN17_X0150_2,YAG,False,Thickness,True,sample_field,,,,
SIN17_X0200,YAG,False,Thickness,True,sample_field,,,,
SIN17_X0200_2,YAG,False,Thickness,True,sample_field,,,,
LI21_CE020_A900,YAG,False,Thickness,True,sample_field,,,,
LI21_CE020_A1000,YAG,False,Thickness,True,sample_field,,,,
LI21_CE020_A1100,YAG,False,Thickness,True,sample_field,,,,
LI21_CE020_A1200,YAG,False,Thickness,True,sample_field,,,,
LI21_CE020_A1300,YAG,False,Thickness,True,sample_field,,,,
LI21_CE020_A1400,YAG,False,Thickness,True,sample_field,,,,
LI21_CE040_A900,YAG,False,Thickness,True,sample_field,,,,
LI21_CE040_A1000,YAG,False,Thickness,True,sample_field,,,,
LI21_CE040_A1100,YAG,False,Thickness,True,sample_field,,,,
LI21_CE040_A1200,YAG,False,Thickness,True,sample_field,,,,
LI21_CE040_A1300,YAG,False,Thickness,True,sample_field,,,,
LI21_CE040_A1400,YAG,False,Thickness,True,sample_field,,,,
LI21_CE060_A900,YAG,False,Thickness,True,sample_field,,,,
LI21_CE060_A1000,YAG,False,Thickness,True,sample_field,,,,
LI21_CE060_A1100,YAG,False,Thickness,True,sample_field,,,,
LI21_CE060_A1200,YAG,False,Thickness,True,sample_field,,,,
LI21_CE060_A1300,YAG,False,Thickness,True,sample_field,,,,
LI21_CE060_A1400,YAG,False,Thickness,True,sample_field,,,,
LI21_CE080_A900,YAG,False,Thickness,True,sample_field,,,,
LI21_CE080_A1000,YAG,False,Thickness,True,sample_field,,,,
LI21_CE080_A1100,YAG,False,Thickness,True,sample_field,,,,
LI21_CE080_A1200,YAG,False,Thickness,True,sample_field,,,,
LI21_CE080_A1300,YAG,False,Thickness,True,sample_field,,,,
LI21_CE080_A1400,YAG,False,Thickness,True,sample_field,,,,
OSI17_CE001,YAG,False,Thickness,True,sample_field,,,,
OSI17_CE010,YAG,False,Thickness,True,sample_field,,,,
OSI17_CE030,YAG,False,Thickness,True,sample_field,,,,
OSI17_CE050,YAG,False,Thickness,True,sample_field,,,,
WAE14_YAG_CE001_T08,YAG,False,Thickness,True,sample_field,,,,
WAE14_YAG_CE005_T08,YAG,False,Thickness,True,sample_field,,,,
FEN08_YAG_CE05,YAG,False,Thickness,True,sample_field,,,,
FEN08_YAG_CE10,YAG,False,Thickness,True,sample_field,,,,
FEN08_YAG_CE20,YAG,False,Thickness,True,sample_field,,,,
FEN08_YAG_CE40,YAG,False,Thickness,True,sample_field,,,,
MAH16_YAGG_CECR,YAGG,False,Thickness,True,sample_field,,,,
BARTA21_YAGG_GA3,YAGG,False,Thickness,False,sample_field,,,,
BARTA21_YAGG_GA4,YAGG,False,Thickness,False,sample_field,,,,
DU18_YAMSG_X20,YAMSG,False,Thickness,True,sample_field,,,,
DU18_YAMSG_X10,YAMSG,False,Thickness,True,sample_field,,,,
HUA19_YAGG_X500,YGG,False,Thickness,True,sample_field,,,,
MAH16_YGG_CECR,YGG,False,Thickness,True,sample_field,,,,
FEN08_YSAG_CE05,YSAG,False,Thickness,True,sample_field,,,,
FEN08_YSAG_CE10,YSAG,False,Thickness,True,sample_field,,,,
FEN08_YSAG_CE20,YSAG,False,Thickness,True,sample_field,,,,
FEN08_YSAG_CE40,YSAG,False,Thickness,True,sample_field,,,,
SUN20_GDLUGAG_LU35,"(Gd,Lu)AG",True,Efficiency,False,sample_field,,,,
HUA23_LUYAG_X020,"(Lu,Y)AG",True,Efficiency,False,sample_field,,,,
HUA23_LUYAG_X040,"(Lu,Y)AG",True,Efficiency,False,sample_field,,,,
HUA23_LUYAG_X060,"(Lu,Y)AG",True,Efficiency,False,sample_field,,,,
HUA23_LUYAG_X080,"(Lu,Y)AG",True,Efficiency,False,sample_field,,,,
HU15_GD10,"(Y,Gd)AG",True,Efficiency,False,sample_field,,,,
HU15_GD30,"(Y,Gd)AG",True,Efficiency,False,sample_field,,,,
HU15_GD40,"(Y,Gd)AG",True,Efficiency,False,sample_field,,,,
HU15_GD50,"(Y,Gd)AG",True,Efficiency,False,sample_field,,,,
HU15_GD60,"(Y,Gd)AG",True,Efficiency,False,sample_field,,,,
HU15_GD70,"(Y,Gd)AG",True,Efficiency,False,sample_field,,,,
HU15_GD80,"(Y,Gd)AG",True,Efficiency,False,sample_field,,,,
LIU19_GDYAG_GD00,"(Y,Gd)AG",True,Efficiency,False,sample_field,,,,
LIU19_GDYAG_GD10,"(Y,Gd)AG",True,Efficiency,False,sample_field,,,,
LIU19_GDYAG_GD20,"(Y,Gd)AG",True,Efficiency,False,sample_field,,,,
LIU19_GDYAG_GD30,"(Y,Gd)AG",True,Efficiency,False,sample_field,,,,
SHA19_GD06,"(Y,Gd)AG",True,Efficiency,False,sample_field,,,,
SHA19_GD12,"(Y,Gd)AG",True,Efficiency,False,sample_field,,,,
SHA19_GD18,"(Y,Gd)AG",True,Efficiency,False,sample_field,,,,
SHA19_GD24,"(Y,Gd)AG",True,Efficiency,False,sample_field,,,,
SHA19_GD30,"(Y,Gd)AG",True,Efficiency,False,sample_field,,,,
LI24_CSS_CE08,CSS,True,Efficiency,True,sample_field,,,,
LI24_CSS_CE02,CSS,True,Efficiency,False,sample_field,,,,
LI24_CSS_CE04,CSS,True,Efficiency,False,sample_field,,,,
LI24_CSS_CE06,CSS,True,Efficiency,False,sample_field,,,,
LI24_CSS_CE10,CSS,True,Efficiency,False,sample_field,,,,
LI24_CSS_CE12,CSS,True,Efficiency,False,sample_field,,,,
MOR16_GAGG,GAGG,True,Efficiency,True,sample_field,,,,
CHE17_GA01,GAGG,True,Efficiency,False,sample_field,,,,
CHE17_GA03,GAGG,True,Efficiency,False,sample_field,,,,
CHE17_GA04,GAGG,True,Efficiency,False,sample_field,,,,
CHE17_GA05,GAGG,True,Efficiency,False,sample_field,,,,
CHE17_GA07,GAGG,True,Efficiency,False,sample_field,,,,
LIU19_ACS_GAGG_T08,GAGG,True,Efficiency,False,sample_field,,,,
HOS19_N4_1600,GGAG,True,Efficiency,False,sample_field,,,,
MENG20_GLMS_Z00,GLMS,True,Efficiency,True,sample_field,,,,
MENG20_GLMS_Z05,GLMS,True,Efficiency,True,sample_field,,,,
MENG20_GLMS_Z10,GLMS,True,Efficiency,True,sample_field,,,,
MA21_GSC40_CE04,GSAG,True,Efficiency,True,sample_field,,,,
MA21_GSC40_CE06,GSAG,True,Efficiency,False,sample_field,,,,
MA21_GSC40_CE08,GSAG,True,Efficiency,False,sample_field,,,,
MA21_GSC40_CE10,GSAG,True,Efficiency,False,sample_field,,,,
MA21_GSC40_CE12,GSAG,True,Efficiency,False,sample_field,,,,
MA21_GYSC00_CE04,Gd-Y-ScAG,True,Efficiency,False,sample_field,,,,
ZHO22_LUAG_BASE,LuAG,True,Efficiency,True,sample_field,,,,
HUA23_LUYAG_X0999,LuAG,True,Efficiency,False,sample_field,,,,
LI16_LUAG_CE003,LuAG,True,Efficiency,False,sample_field,,,,
WANG24_LUAG_CE005,LuAG,True,Efficiency,False,sample_field,,,,
WANG24_LUAG_CE010,LuAG,True,Efficiency,False,sample_field,,,,
WANG24_LUAG_CE020,LuAG,True,Efficiency,False,sample_field,,,,
WANG24_LUAG_CE030,LuAG,True,Efficiency,False,sample_field,,,,
WANG24_LUAG_CE035,LuAG,True,Efficiency,False,sample_field,,,,
WANG24_LUAG_CE040,LuAG,True,Efficiency,False,sample_field,,,,
WANG24_LUAG_CE045,LuAG,True,Efficiency,False,sample_field,,,,
WANG24_LUAG_CE050,LuAG,True,Efficiency,False,sample_field,,,,
WANG24_LUAG_CE055,LuAG,True,Efficiency,False,sample_field,,,,
WANG24_LUAG_CE060,LuAG,True,Efficiency,False,sample_field,,,,
WANG24_LUAG_CE070,LuAG,True,Efficiency,False,sample_field,,,,
ZHO22_GA_X050,LuAG solid solution,True,Efficiency,True,sample_field,,,,
ZHO22_GA_X100,LuAG solid solution,True,Efficiency,True,sample_field,,,,
ZHO22_GA_X150,LuAG solid solution,True,Efficiency,True,sample_field,,,,
ZHO22_GA_X200,LuAG solid solution,True,Efficiency,True,sample_field,,,,
ZHO22_SC_X050,LuAG solid solution,True,Efficiency,True,sample_field,,,,
ZHO22_SC_X100,LuAG solid solution,True,Efficiency,True,sample_field,,,,
ZHO22_GA_X075,LuAG solid solution,True,Efficiency,False,sample_field,,,,
ZHO22_GA_X125,LuAG solid solution,True,Efficiency,False,sample_field,,,,
ZHO22_SC_X075,LuAG solid solution,True,Efficiency,False,sample_field,,,,
ZHO22_SC_X125,LuAG solid solution,True,Efficiency,False,sample_field,,,,
MOR16_LUAGG,LuAGG,True,Efficiency,True,sample_field,,,,
YANG26_LUAGG_GA150,LuAGG,True,Efficiency,True,sample_field,,,,
YANG26_LUAGG_GA050,LuAGG,True,Efficiency,False,sample_field,,,,
YANG26_LUAGG_GA075,LuAGG,True,Efficiency,False,sample_field,,,,
YANG26_LUAGG_GA100,LuAGG,True,Efficiency,False,sample_field,,,,
YANG26_LUAGG_GA200,LuAGG,True,Efficiency,False,sample_field,,,,
LING24_LUGDAG_CE005_GD00,LuGdAG,True,Efficiency,False,sample_field,,,,
LING24_LUGDAG_CE005_GD03,LuGdAG,True,Efficiency,False,sample_field,,,,
LING24_LUGDAG_CE005_GD06,LuGdAG,True,Efficiency,False,sample_field,,,,
LING24_LUGDAG_CE005_GD09,LuGdAG,True,Efficiency,False,sample_field,,,,
LING24_LUGDAG_CE007_GD09,LuGdAG,True,Efficiency,False,sample_field,,,,
LING24_LUGDAG_CE009_GD09,LuGdAG,True,Efficiency,False,sample_field,,,,
LING24_LUGDAG_CE011_GD09,LuGdAG,True,Efficiency,False,sample_field,,,,
LING24_LUGDAG_CE013_GD09,LuGdAG,True,Efficiency,False,sample_field,,,,
MA20_SCLU15Y15,LuYSAG,True,Efficiency,False,sample_field,,,,
MA20_SCLU10Y20,LuYSAG,True,Efficiency,False,sample_field,,,,
MA20_SCLU05Y25,LuYSAG,True,Efficiency,False,sample_field,,,,
MA20_SCLU00Y30,LuYSAG,True,Efficiency,False,sample_field,,,,
NIS11_T02,Y3Al5O12,True,Efficiency,False,sample_field,,,,
LI21_CE100_A000,YAG,True,Efficiency,True,sample_field,,,,
LI21_CE100_A900,YAG,True,Efficiency,True,sample_field,,,,
LI21_CE100_A1000,YAG,True,Efficiency,True,sample_field,,,,
LI21_CE100_A1100,YAG,True,Efficiency,True,sample_field,,,,
LI21_CE100_A1200,YAG,True,Efficiency,True,sample_field,,,,
LI21_CE100_A1300,YAG,True,Efficiency,True,sample_field,,,,
LI21_CE100_A1400,YAG,True,Efficiency,True,sample_field,,,,
HUA19_YAGG_X000,YAG,True,Efficiency,True,sample_field,,,,
WAE14_YAG_CE001_T05,YAG,True,Efficiency,False,sample_field,,,,
WAE14_YAG_CE005_T05,YAG,True,Efficiency,False,sample_field,,,,
WAE14_YAG_CE010_T05,YAG,True,Efficiency,False,sample_field,,,,
MA21_YSC00_CE04,YAG,True,Efficiency,False,sample_field,,,,
HU16_CE005_T040,YAG,True,Efficiency,False,sample_field,,,,
HU16_CE010_T040,YAG,True,Efficiency,False,sample_field,,,,
HU16_CE020_T040,YAG,True,Efficiency,False,sample_field,,,,
HU16_CE050_T040,YAG,True,Efficiency,False,sample_field,,,,
HU16_CE070_T040,YAG,True,Efficiency,False,sample_field,,,,
HU16_CE100_T040,YAG,True,Efficiency,False,sample_field,,,,
HU16_CE010_T025,YAG,True,Efficiency,False,sample_field,,,,
HU16_CE010_T050,YAG,True,Efficiency,False,sample_field,,,,
HU16_CE010_T070,YAG,True,Efficiency,False,sample_field,,,,
HU16_CE010_T100,YAG,True,Efficiency,False,sample_field,,,,
SHA19_GD00,YAG,True,Efficiency,False,sample_field,,,,
LI21_CE020_A000,YAG,True,Efficiency,False,sample_field,,,,
LI21_CE040_A000,YAG,True,Efficiency,False,sample_field,,,,
LI21_CE060_A000,YAG,True,Efficiency,False,sample_field,,,,
LI21_CE080_A000,YAG,True,Efficiency,False,sample_field,,,,
SIN17_X0015,YAG,True,Efficiency,False,sample_field,,,,
SIN17_X0030,YAG,True,Efficiency,False,sample_field,,,,
SIN17_X0050,YAG,True,Efficiency,False,sample_field,,,,
SIN17_X0100,YAG,True,Efficiency,False,sample_field,,,,
HU15_GD00,YAG,True,Efficiency,False,sample_field,,,,
LI16_YAG_CE003,YAG,True,Efficiency,False,sample_field,,,,
BARTA21_YAG,YAG,True,Efficiency,False,sample_field,,,,
HUA19_YAGG_X100,YAGG,True,Efficiency,True,sample_field,,,,
HUA19_YAGG_X200,YAGG,True,Efficiency,True,sample_field,,,,
HUA19_YAGG_X300,YAGG,True,Efficiency,True,sample_field,,,,
HUA19_YAGG_X400,YAGG,True,Efficiency,True,sample_field,,,,
MOR16_YAGG,YAGG,True,Efficiency,True,sample_field,,,,
BARTA21_YAGG_GA1,YAGG,True,Efficiency,False,sample_field,,,,
BARTA21_YAGG_GA2,YAGG,True,Efficiency,False,sample_field,,,,
DU18_YAMSG_X00,YAMSG,True,Efficiency,True,sample_field,,,,
DU18_YAMSG_X05,YAMSG,True,Efficiency,True,sample_field,,,,
UED11_YSGG_AS,YSGG,True,Efficiency,False,sample_field,,,,
UED11_YSGG_O2,YSGG,True,Efficiency,False,sample_field,,,,
LIU19_GDYAG_GD40,"(Y,Gd)AG",False,Efficiency,False,sample_field,,,,
LIU19_GDYAG_GD50,"(Y,Gd)AG",False,Efficiency,False,sample_field,,,,
LIU19_ACS_GAGG_T04,GAGG,False,Efficiency,False,sample_field,,,,
LIU19_ACS_GAGG_T06,GAGG,False,Efficiency,False,sample_field,,,,
LIU19_ACS_GAGG_T10,GAGG,False,Efficiency,False,sample_field,,,,
CHE17_GA09,GAGG,False,Efficiency,False,sample_field,,,,
HOS19_M2_1550,GGAG,False,Efficiency,False,sample_field,,,,
HOS19_M2_1600,GGAG,False,Efficiency,False,sample_field,,,,
HOS19_M2_1615,GGAG,False,Efficiency,False,sample_field,,,,
HOS19_M2_1625,GGAG,False,Efficiency,False,sample_field,,,,
HOS19_M4_1600,GGAG,False,Efficiency,False,sample_field,,,,
HOS19_N2_1550,GGAG,False,Efficiency,False,sample_field,,,,
HOS19_N2_1600,GGAG,False,Efficiency,False,sample_field,,,,
HOS19_N2_1615,GGAG,False,Efficiency,False,sample_field,,,,
HOS19_N2_1625,GGAG,False,Efficiency,False,sample_field,,,,
HIR17_GYAG_CE035,GYAG,False,Efficiency,True,sample_field,,,,
HIR17_GYAG_CE050,GYAG,False,Efficiency,True,sample_field,,,,
HIR17_GYAG_CE065,GYAG,False,Efficiency,True,sample_field,,,,
MA21_GYSC20_CE04,Gd-Y-ScAG,False,Efficiency,False,sample_field,,,,
MA21_GSC20_CE04,Gd-Y-ScAG,False,Efficiency,False,sample_field,,,,
MA21_GSC30_CE04,Gd-Y-ScAG,False,Efficiency,False,sample_field,,,,
SUN20_LMAS_CE08,LMAS,False,Efficiency,True,sample_field,,,,
SUN20_LMAS_CE02,LMAS,False,Efficiency,False,sample_field,,,,
SUN20_LMAS_CE04,LMAS,False,Efficiency,False,sample_field,,,,
SUN20_LMAS_CE06,LMAS,False,Efficiency,False,sample_field,,,,
SUN20_LMAS_CE10,LMAS,False,Efficiency,False,sample_field,,,,
SUN20_LMAS_CE12,LMAS,False,Efficiency,False,sample_field,,,,
LIU14_LUAG,Lu3Al5O12,False,Efficiency,False,sample_field,,,,
XU14_CE03,Lu3Al5O12,False,Efficiency,False,sample_field,,,,
XU14_CE05,Lu3Al5O12,False,Efficiency,False,sample_field,,,,
XU14_CE08,Lu3Al5O12,False,Efficiency,False,sample_field,,,,
XU14_CE10,Lu3Al5O12,False,Efficiency,False,sample_field,,,,
XU13_AS,Lu3Al5O12,False,Efficiency,False,sample_field,,,,
XU13_ANN,Lu3Al5O12,False,Efficiency,False,sample_field,,,,
XU17_PRISTINE,LuAG,False,Efficiency,False,sample_field,,,,
XU17_LIF035,LuAG,False,Efficiency,False,sample_field,,,,
ZHO22_SC_X150,LuAG solid solution,False,Efficiency,True,sample_field,,,,
ZHO22_SC_X200,LuAG solid solution,False,Efficiency,True,sample_field,,,,
LING24_LUGDAG_CE005_GD15,LuGdAG,False,Efficiency,False,sample_field,,,,
LING24_LUGDAG_CE005_GD12,LuGdAG,False,Efficiency,False,sample_field,,,,
MA20_SCLU30Y00,LuYSAG,False,Efficiency,False,sample_field,,,,
MA20_SCLU25Y05,LuYSAG,False,Efficiency,False,sample_field,,,,
MA20_SCLU20Y10,LuYSAG,False,Efficiency,False,sample_field,,,,
NIS09_T0632,Y3Al5O12,False,Efficiency,False,sample_field,,,,
NIS11_T01,Y3Al5O12,False,Efficiency,False,sample_field,,,,
NIS11_T03,Y3Al5O12,False,Efficiency,False,sample_field,,,,
LIU15_T02,Y3Al5O12,False,Efficiency,False,sample_field,,,,
LIU15_T03,Y3Al5O12,False,Efficiency,False,sample_field,,,,
LIU15_T05,Y3Al5O12,False,Efficiency,False,sample_field,,,,
LIU15_T08,Y3Al5O12,False,Efficiency,False,sample_field,,,,
LIU15_T15,Y3Al5O12,False,Efficiency,False,sample_field,,,,
YAO19_CE01,Y3Al5O12,False,Efficiency,False,sample_field,,,,
YAO19_CE05,Y3Al5O12,False,Efficiency,False,sample_field,,,,
YAO19_CE10,Y3Al5O12,False,Efficiency,False,sample_field,,,,
YAO19_CE20,Y3Al5O12,False,Efficiency,False,sample_field,,,,
ZHU21_PRE1650,Y3Al5O12,False,Efficiency,False,sample_field,,,,
ZHU21_PRE1700,Y3Al5O12,False,Efficiency,False,sample_field,,,,
ZHU21_PRE1750,Y3Al5O12,False,Efficiency,False,sample_field,,,,
SUN21_TUBE,Y3Al5O12,False,Efficiency,False,sample_field,,,,
SUN19_CE005_S1,Y3Al5O12,False,Efficiency,False,sample_field,,,,
SUN19_CE005_S2,Y3Al5O12,False,Efficiency,False,sample_field,,,,
SUN19_CE005_S3,Y3Al5O12,False,Efficiency,False,sample_field,,,,
SUN19_CE005_S4,Y3Al5O12,False,Efficiency,False,sample_field,,,,
SUN19_CE005_S5,Y3Al5O12,False,Efficiency,False,sample_field,,,,
SUN19_CE020_S1,Y3Al5O12,False,Efficiency,False,sample_field,,,,
SUN19_CE020_S2,Y3Al5O12,False,Efficiency,False,sample_field,,,,
SUN19_CE020_S3,Y3Al5O12,False,Efficiency,False,sample_field,,,,
SUN19_CE020_S4,Y3Al5O12,False,Efficiency,False,sample_field,,,,
SUN19_CE020_S5,Y3Al5O12,False,Efficiency,False,sample_field,,,,
HUA23_LUYAG_X000,YAG,False,Efficiency,False,sample_field,,,,
SIN17_X0015_2,YAG,False,Efficiency,False,sample_field,,,,
SIN17_X0030_2,YAG,False,Efficiency,False,sample_field,,,,
SIN17_X0050_2,YAG,False,Efficiency,False,sample_field,,,,
SIN17_X0100_2,YAG,False,Efficiency,False,sample_field,,,,
SIN17_X0150,YAG,False,Efficiency,False,sample_field,,,,
SIN17_X0150_2,YAG,False,Efficiency,False,sample_field,,,,
SIN17_X0200,YAG,False,Efficiency,False,sample_field,,,,
SIN17_X0200_2,YAG,False,Efficiency,False,sample_field,,,,
LI21_CE020_A900,YAG,False,Efficiency,False,sample_field,,,,
LI21_CE020_A1000,YAG,False,Efficiency,False,sample_field,,,,
LI21_CE020_A1100,YAG,False,Efficiency,False,sample_field,,,,
LI21_CE020_A1200,YAG,False,Efficiency,False,sample_field,,,,
LI21_CE020_A1300,YAG,False,Efficiency,False,sample_field,,,,
LI21_CE020_A1400,YAG,False,Efficiency,False,sample_field,,,,
LI21_CE040_A900,YAG,False,Efficiency,False,sample_field,,,,
LI21_CE040_A1000,YAG,False,Efficiency,False,sample_field,,,,
LI21_CE040_A1100,YAG,False,Efficiency,False,sample_field,,,,
LI21_CE040_A1200,YAG,False,Efficiency,False,sample_field,,,,
LI21_CE040_A1300,YAG,False,Efficiency,False,sample_field,,,,
LI21_CE040_A1400,YAG,False,Efficiency,False,sample_field,,,,
LI21_CE060_A900,YAG,False,Efficiency,False,sample_field,,,,
LI21_CE060_A1000,YAG,False,Efficiency,False,sample_field,,,,
LI21_CE060_A1100,YAG,False,Efficiency,False,sample_field,,,,
LI21_CE060_A1200,YAG,False,Efficiency,False,sample_field,,,,
LI21_CE060_A1300,YAG,False,Efficiency,False,sample_field,,,,
LI21_CE060_A1400,YAG,False,Efficiency,False,sample_field,,,,
LI21_CE080_A900,YAG,False,Efficiency,False,sample_field,,,,
LI21_CE080_A1000,YAG,False,Efficiency,False,sample_field,,,,
LI21_CE080_A1100,YAG,False,Efficiency,False,sample_field,,,,
LI21_CE080_A1200,YAG,False,Efficiency,False,sample_field,,,,
LI21_CE080_A1300,YAG,False,Efficiency,False,sample_field,,,,
LI21_CE080_A1400,YAG,False,Efficiency,False,sample_field,,,,
OSI17_CE001,YAG,False,Efficiency,False,sample_field,,,,
OSI17_CE010,YAG,False,Efficiency,False,sample_field,,,,
OSI17_CE030,YAG,False,Efficiency,False,sample_field,,,,
OSI17_CE050,YAG,False,Efficiency,False,sample_field,,,,
WAE14_YAG_CE001_T08,YAG,False,Efficiency,False,sample_field,,,,
WAE14_YAG_CE005_T08,YAG,False,Efficiency,False,sample_field,,,,
FEN08_YAG_CE05,YAG,False,Efficiency,False,sample_field,,,,
FEN08_YAG_CE10,YAG,False,Efficiency,False,sample_field,,,,
FEN08_YAG_CE20,YAG,False,Efficiency,False,sample_field,,,,
FEN08_YAG_CE40,YAG,False,Efficiency,False,sample_field,,,,
MAH16_YAGG_CECR,YAGG,False,Efficiency,False,sample_field,,,,
BARTA21_YAGG_GA3,YAGG,False,Efficiency,False,sample_field,,,,
BARTA21_YAGG_GA4,YAGG,False,Efficiency,False,sample_field,,,,
DU18_YAMSG_X20,YAMSG,False,Efficiency,True,sample_field,,,,
DU18_YAMSG_X10,YAMSG,False,Efficiency,False,sample_field,,,,
HUA19_YAGG_X500,YGG,False,Efficiency,True,sample_field,,,,
MAH16_YGG_CECR,YGG,False,Efficiency,False,sample_field,,,,
FEN08_YSAG_CE05,YSAG,False,Efficiency,False,sample_field,,,,
FEN08_YSAG_CE10,YSAG,False,Efficiency,False,sample_field,,,,
FEN08_YSAG_CE20,YSAG,False,Efficiency,False,sample_field,,,,
FEN08_YSAG_CE40,YSAG,False,Efficiency,False,sample_field,,,,
SUN20_GDLUGAG_LU35,"(Gd,Lu)AG",True,Source,True,sample_field,,,,
HUA23_LUYAG_X020,"(Lu,Y)AG",True,Source,True,sample_field,,,,
HUA23_LUYAG_X040,"(Lu,Y)AG",True,Source,True,sample_field,,,,
HUA23_LUYAG_X060,"(Lu,Y)AG",True,Source,True,sample_field,,,,
HUA23_LUYAG_X080,"(Lu,Y)AG",True,Source,True,sample_field,,,,
HU15_GD10,"(Y,Gd)AG",True,Source,True,sample_field,,,,
HU15_GD30,"(Y,Gd)AG",True,Source,True,sample_field,,,,
HU15_GD40,"(Y,Gd)AG",True,Source,True,sample_field,,,,
HU15_GD50,"(Y,Gd)AG",True,Source,True,sample_field,,,,
HU15_GD60,"(Y,Gd)AG",True,Source,True,sample_field,,,,
HU15_GD70,"(Y,Gd)AG",True,Source,True,sample_field,,,,
HU15_GD80,"(Y,Gd)AG",True,Source,True,sample_field,,,,
LIU19_GDYAG_GD00,"(Y,Gd)AG",True,Source,True,sample_field,,,,
LIU19_GDYAG_GD10,"(Y,Gd)AG",True,Source,True,sample_field,,,,
LIU19_GDYAG_GD20,"(Y,Gd)AG",True,Source,True,sample_field,,,,
LIU19_GDYAG_GD30,"(Y,Gd)AG",True,Source,True,sample_field,,,,
SHA19_GD06,"(Y,Gd)AG",True,Source,True,sample_field,,,,
SHA19_GD12,"(Y,Gd)AG",True,Source,True,sample_field,,,,
SHA19_GD18,"(Y,Gd)AG",True,Source,True,sample_field,,,,
SHA19_GD24,"(Y,Gd)AG",True,Source,True,sample_field,,,,
SHA19_GD30,"(Y,Gd)AG",True,Source,True,sample_field,,,,
LI24_CSS_CE08,CSS,True,Source,True,sample_field,,,,
LI24_CSS_CE02,CSS,True,Source,True,sample_field,,,,
LI24_CSS_CE04,CSS,True,Source,True,sample_field,,,,
LI24_CSS_CE06,CSS,True,Source,True,sample_field,,,,
LI24_CSS_CE10,CSS,True,Source,True,sample_field,,,,
LI24_CSS_CE12,CSS,True,Source,True,sample_field,,,,
MOR16_GAGG,GAGG,True,Source,True,sample_field,,,,
CHE17_GA01,GAGG,True,Source,True,sample_field,,,,
CHE17_GA03,GAGG,True,Source,True,sample_field,,,,
CHE17_GA04,GAGG,True,Source,True,sample_field,,,,
CHE17_GA05,GAGG,True,Source,True,sample_field,,,,
CHE17_GA07,GAGG,True,Source,True,sample_field,,,,
LIU19_ACS_GAGG_T08,GAGG,True,Source,True,sample_field,,,,
HOS19_N4_1600,GGAG,True,Source,True,sample_field,,,,
MENG20_GLMS_Z00,GLMS,True,Source,True,sample_field,,,,
MENG20_GLMS_Z05,GLMS,True,Source,True,sample_field,,,,
MENG20_GLMS_Z10,GLMS,True,Source,True,sample_field,,,,
MA21_GSC40_CE04,GSAG,True,Source,True,sample_field,,,,
MA21_GSC40_CE06,GSAG,True,Source,True,sample_field,,,,
MA21_GSC40_CE08,GSAG,True,Source,True,sample_field,,,,
MA21_GSC40_CE10,GSAG,True,Source,True,sample_field,,,,
MA21_GSC40_CE12,GSAG,True,Source,True,sample_field,,,,
MA21_GYSC00_CE04,Gd-Y-ScAG,True,Source,True,sample_field,,,,
ZHO22_LUAG_BASE,LuAG,True,Source,True,sample_field,,,,
HUA23_LUYAG_X0999,LuAG,True,Source,True,sample_field,,,,
LI16_LUAG_CE003,LuAG,True,Source,True,sample_field,,,,
WANG24_LUAG_CE005,LuAG,True,Source,True,sample_field,,,,
WANG24_LUAG_CE010,LuAG,True,Source,True,sample_field,,,,
WANG24_LUAG_CE020,LuAG,True,Source,True,sample_field,,,,
WANG24_LUAG_CE030,LuAG,True,Source,True,sample_field,,,,
WANG24_LUAG_CE035,LuAG,True,Source,True,sample_field,,,,
WANG24_LUAG_CE040,LuAG,True,Source,True,sample_field,,,,
WANG24_LUAG_CE045,LuAG,True,Source,True,sample_field,,,,
WANG24_LUAG_CE050,LuAG,True,Source,True,sample_field,,,,
WANG24_LUAG_CE055,LuAG,True,Source,True,sample_field,,,,
WANG24_LUAG_CE060,LuAG,True,Source,True,sample_field,,,,
WANG24_LUAG_CE070,LuAG,True,Source,True,sample_field,,,,
ZHO22_GA_X050,LuAG solid solution,True,Source,True,sample_field,,,,
ZHO22_GA_X100,LuAG solid solution,True,Source,True,sample_field,,,,
ZHO22_GA_X150,LuAG solid solution,True,Source,True,sample_field,,,,
ZHO22_GA_X200,LuAG solid solution,True,Source,True,sample_field,,,,
ZHO22_SC_X050,LuAG solid solution,True,Source,True,sample_field,,,,
ZHO22_SC_X100,LuAG solid solution,True,Source,True,sample_field,,,,
ZHO22_GA_X075,LuAG solid solution,True,Source,True,sample_field,,,,
ZHO22_GA_X125,LuAG solid solution,True,Source,True,sample_field,,,,
ZHO22_SC_X075,LuAG solid solution,True,Source,True,sample_field,,,,
ZHO22_SC_X125,LuAG solid solution,True,Source,True,sample_field,,,,
MOR16_LUAGG,LuAGG,True,Source,True,sample_field,,,,
YANG26_LUAGG_GA150,LuAGG,True,Source,True,sample_field,,,,
YANG26_LUAGG_GA050,LuAGG,True,Source,True,sample_field,,,,
YANG26_LUAGG_GA075,LuAGG,True,Source,True,sample_field,,,,
YANG26_LUAGG_GA100,LuAGG,True,Source,True,sample_field,,,,
YANG26_LUAGG_GA200,LuAGG,True,Source,True,sample_field,,,,
LING24_LUGDAG_CE005_GD00,LuGdAG,True,Source,True,sample_field,,,,
LING24_LUGDAG_CE005_GD03,LuGdAG,True,Source,True,sample_field,,,,
LING24_LUGDAG_CE005_GD06,LuGdAG,True,Source,True,sample_field,,,,
LING24_LUGDAG_CE005_GD09,LuGdAG,True,Source,True,sample_field,,,,
LING24_LUGDAG_CE007_GD09,LuGdAG,True,Source,True,sample_field,,,,
LING24_LUGDAG_CE009_GD09,LuGdAG,True,Source,True,sample_field,,,,
LING24_LUGDAG_CE011_GD09,LuGdAG,True,Source,True,sample_field,,,,
LING24_LUGDAG_CE013_GD09,LuGdAG,True,Source,True,sample_field,,,,
MA20_SCLU15Y15,LuYSAG,True,Source,True,sample_field,,,,
MA20_SCLU10Y20,LuYSAG,True,Source,True,sample_field,,,,
MA20_SCLU05Y25,LuYSAG,True,Source,True,sample_field,,,,
MA20_SCLU00Y30,LuYSAG,True,Source,True,sample_field,,,,
NIS11_T02,Y3Al5O12,True,Source,True,sample_field,,,,
LI21_CE100_A000,YAG,True,Source,True,sample_field,,,,
LI21_CE100_A900,YAG,True,Source,True,sample_field,,,,
LI21_CE100_A1000,YAG,True,Source,True,sample_field,,,,
LI21_CE100_A1100,YAG,True,Source,True,sample_field,,,,
LI21_CE100_A1200,YAG,True,Source,True,sample_field,,,,
LI21_CE100_A1300,YAG,True,Source,True,sample_field,,,,
LI21_CE100_A1400,YAG,True,Source,True,sample_field,,,,
HUA19_YAGG_X000,YAG,True,Source,True,sample_field,,,,
WAE14_YAG_CE001_T05,YAG,True,Source,True,sample_field,,,,
WAE14_YAG_CE005_T05,YAG,True,Source,True,sample_field,,,,
WAE14_YAG_CE010_T05,YAG,True,Source,True,sample_field,,,,
MA21_YSC00_CE04,YAG,True,Source,True,sample_field,,,,
HU16_CE005_T040,YAG,True,Source,True,sample_field,,,,
HU16_CE010_T040,YAG,True,Source,True,sample_field,,,,
HU16_CE020_T040,YAG,True,Source,True,sample_field,,,,
HU16_CE050_T040,YAG,True,Source,True,sample_field,,,,
HU16_CE070_T040,YAG,True,Source,True,sample_field,,,,
HU16_CE100_T040,YAG,True,Source,True,sample_field,,,,
HU16_CE010_T025,YAG,True,Source,True,sample_field,,,,
HU16_CE010_T050,YAG,True,Source,True,sample_field,,,,
HU16_CE010_T070,YAG,True,Source,True,sample_field,,,,
HU16_CE010_T100,YAG,True,Source,True,sample_field,,,,
SHA19_GD00,YAG,True,Source,True,sample_field,,,,
LI21_CE020_A000,YAG,True,Source,True,sample_field,,,,
LI21_CE040_A000,YAG,True,Source,True,sample_field,,,,
LI21_CE060_A000,YAG,True,Source,True,sample_field,,,,
LI21_CE080_A000,YAG,True,Source,True,sample_field,,,,
SIN17_X0015,YAG,True,Source,True,sample_field,,,,
SIN17_X0030,YAG,True,Source,True,sample_field,,,,
SIN17_X0050,YAG,True,Source,True,sample_field,,,,
SIN17_X0100,YAG,True,Source,True,sample_field,,,,
HU15_GD00,YAG,True,Source,True,sample_field,,,,
LI16_YAG_CE003,YAG,True,Source,True,sample_field,,,,
BARTA21_YAG,YAG,True,Source,True,sample_field,,,,
HUA19_YAGG_X100,YAGG,True,Source,True,sample_field,,,,
HUA19_YAGG_X200,YAGG,True,Source,True,sample_field,,,,
HUA19_YAGG_X300,YAGG,True,Source,True,sample_field,,,,
HUA19_YAGG_X400,YAGG,True,Source,True,sample_field,,,,
MOR16_YAGG,YAGG,True,Source,True,sample_field,,,,
BARTA21_YAGG_GA1,YAGG,True,Source,True,sample_field,,,,
BARTA21_YAGG_GA2,YAGG,True,Source,True,sample_field,,,,
DU18_YAMSG_X00,YAMSG,True,Source,True,sample_field,,,,
DU18_YAMSG_X05,YAMSG,True,Source,True,sample_field,,,,
UED11_YSGG_AS,YSGG,True,Source,True,sample_field,,,,
UED11_YSGG_O2,YSGG,True,Source,True,sample_field,,,,
LIU19_GDYAG_GD40,"(Y,Gd)AG",False,Source,True,sample_field,,,,
LIU19_GDYAG_GD50,"(Y,Gd)AG",False,Source,True,sample_field,,,,
LIU19_ACS_GAGG_T04,GAGG,False,Source,True,sample_field,,,,
LIU19_ACS_GAGG_T06,GAGG,False,Source,True,sample_field,,,,
LIU19_ACS_GAGG_T10,GAGG,False,Source,True,sample_field,,,,
CHE17_GA09,GAGG,False,Source,True,sample_field,,,,
HOS19_M2_1550,GGAG,False,Source,True,sample_field,,,,
HOS19_M2_1600,GGAG,False,Source,True,sample_field,,,,
HOS19_M2_1615,GGAG,False,Source,True,sample_field,,,,
HOS19_M2_1625,GGAG,False,Source,True,sample_field,,,,
HOS19_M4_1600,GGAG,False,Source,True,sample_field,,,,
HOS19_N2_1550,GGAG,False,Source,True,sample_field,,,,
HOS19_N2_1600,GGAG,False,Source,True,sample_field,,,,
HOS19_N2_1615,GGAG,False,Source,True,sample_field,,,,
HOS19_N2_1625,GGAG,False,Source,True,sample_field,,,,
HIR17_GYAG_CE035,GYAG,False,Source,True,sample_field,,,,
HIR17_GYAG_CE050,GYAG,False,Source,True,sample_field,,,,
HIR17_GYAG_CE065,GYAG,False,Source,True,sample_field,,,,
MA21_GYSC20_CE04,Gd-Y-ScAG,False,Source,True,sample_field,,,,
MA21_GSC20_CE04,Gd-Y-ScAG,False,Source,True,sample_field,,,,
MA21_GSC30_CE04,Gd-Y-ScAG,False,Source,True,sample_field,,,,
SUN20_LMAS_CE08,LMAS,False,Source,True,sample_field,,,,
SUN20_LMAS_CE02,LMAS,False,Source,True,sample_field,,,,
SUN20_LMAS_CE04,LMAS,False,Source,True,sample_field,,,,
SUN20_LMAS_CE06,LMAS,False,Source,True,sample_field,,,,
SUN20_LMAS_CE10,LMAS,False,Source,True,sample_field,,,,
SUN20_LMAS_CE12,LMAS,False,Source,True,sample_field,,,,
LIU14_LUAG,Lu3Al5O12,False,Source,True,sample_field,,,,
XU14_CE03,Lu3Al5O12,False,Source,True,sample_field,,,,
XU14_CE05,Lu3Al5O12,False,Source,True,sample_field,,,,
XU14_CE08,Lu3Al5O12,False,Source,True,sample_field,,,,
XU14_CE10,Lu3Al5O12,False,Source,True,sample_field,,,,
XU13_AS,Lu3Al5O12,False,Source,True,sample_field,,,,
XU13_ANN,Lu3Al5O12,False,Source,True,sample_field,,,,
XU17_PRISTINE,LuAG,False,Source,True,sample_field,,,,
XU17_LIF035,LuAG,False,Source,True,sample_field,,,,
ZHO22_SC_X150,LuAG solid solution,False,Source,True,sample_field,,,,
ZHO22_SC_X200,LuAG solid solution,False,Source,True,sample_field,,,,
LING24_LUGDAG_CE005_GD15,LuGdAG,False,Source,True,sample_field,,,,
LING24_LUGDAG_CE005_GD12,LuGdAG,False,Source,True,sample_field,,,,
MA20_SCLU30Y00,LuYSAG,False,Source,True,sample_field,,,,
MA20_SCLU25Y05,LuYSAG,False,Source,True,sample_field,,,,
MA20_SCLU20Y10,LuYSAG,False,Source,True,sample_field,,,,
NIS09_T0632,Y3Al5O12,False,Source,True,sample_field,,,,
NIS11_T01,Y3Al5O12,False,Source,True,sample_field,,,,
NIS11_T03,Y3Al5O12,False,Source,True,sample_field,,,,
LIU15_T02,Y3Al5O12,False,Source,True,sample_field,,,,
LIU15_T03,Y3Al5O12,False,Source,True,sample_field,,,,
LIU15_T05,Y3Al5O12,False,Source,True,sample_field,,,,
LIU15_T08,Y3Al5O12,False,Source,True,sample_field,,,,
LIU15_T15,Y3Al5O12,False,Source,True,sample_field,,,,
YAO19_CE01,Y3Al5O12,False,Source,True,sample_field,,,,
YAO19_CE05,Y3Al5O12,False,Source,True,sample_field,,,,
YAO19_CE10,Y3Al5O12,False,Source,True,sample_field,,,,
YAO19_CE20,Y3Al5O12,False,Source,True,sample_field,,,,
ZHU21_PRE1650,Y3Al5O12,False,Source,True,sample_field,,,,
ZHU21_PRE1700,Y3Al5O12,False,Source,True,sample_field,,,,
ZHU21_PRE1750,Y3Al5O12,False,Source,True,sample_field,,,,
SUN21_TUBE,Y3Al5O12,False,Source,True,sample_field,,,,
SUN19_CE005_S1,Y3Al5O12,False,Source,True,sample_field,,,,
SUN19_CE005_S2,Y3Al5O12,False,Source,True,sample_field,,,,
SUN19_CE005_S3,Y3Al5O12,False,Source,True,sample_field,,,,
SUN19_CE005_S4,Y3Al5O12,False,Source,True,sample_field,,,,
SUN19_CE005_S5,Y3Al5O12,False,Source,True,sample_field,,,,
SUN19_CE020_S1,Y3Al5O12,False,Source,True,sample_field,,,,
SUN19_CE020_S2,Y3Al5O12,False,Source,True,sample_field,,,,
SUN19_CE020_S3,Y3Al5O12,False,Source,True,sample_field,,,,
SUN19_CE020_S4,Y3Al5O12,False,Source,True,sample_field,,,,
SUN19_CE020_S5,Y3Al5O12,False,Source,True,sample_field,,,,
HUA23_LUYAG_X000,YAG,False,Source,True,sample_field,,,,
SIN17_X0015_2,YAG,False,Source,True,sample_field,,,,
SIN17_X0030_2,YAG,False,Source,True,sample_field,,,,
SIN17_X0050_2,YAG,False,Source,True,sample_field,,,,
SIN17_X0100_2,YAG,False,Source,True,sample_field,,,,
SIN17_X0150,YAG,False,Source,True,sample_field,,,,
SIN17_X0150_2,YAG,False,Source,True,sample_field,,,,
SIN17_X0200,YAG,False,Source,True,sample_field,,,,
SIN17_X0200_2,YAG,False,Source,True,sample_field,,,,
LI21_CE020_A900,YAG,False,Source,True,sample_field,,,,
LI21_CE020_A1000,YAG,False,Source,True,sample_field,,,,
LI21_CE020_A1100,YAG,False,Source,True,sample_field,,,,
LI21_CE020_A1200,YAG,False,Source,True,sample_field,,,,
LI21_CE020_A1300,YAG,False,Source,True,sample_field,,,,
LI21_CE020_A1400,YAG,False,Source,True,sample_field,,,,
LI21_CE040_A900,YAG,False,Source,True,sample_field,,,,
LI21_CE040_A1000,YAG,False,Source,True,sample_field,,,,
LI21_CE040_A1100,YAG,False,Source,True,sample_field,,,,
LI21_CE040_A1200,YAG,False,Source,True,sample_field,,,,
LI21_CE040_A1300,YAG,False,Source,True,sample_field,,,,
LI21_CE040_A1400,YAG,False,Source,True,sample_field,,,,
LI21_CE060_A900,YAG,False,Source,True,sample_field,,,,
LI21_CE060_A1000,YAG,False,Source,True,sample_field,,,,
LI21_CE060_A1100,YAG,False,Source,True,sample_field,,,,
LI21_CE060_A1200,YAG,False,Source,True,sample_field,,,,
LI21_CE060_A1300,YAG,False,Source,True,sample_field,,,,
LI21_CE060_A1400,YAG,False,Source,True,sample_field,,,,
LI21_CE080_A900,YAG,False,Source,True,sample_field,,,,
LI21_CE080_A1000,YAG,False,Source,True,sample_field,,,,
LI21_CE080_A1100,YAG,False,Source,True,sample_field,,,,
LI21_CE080_A1200,YAG,False,Source,True,sample_field,,,,
LI21_CE080_A1300,YAG,False,Source,True,sample_field,,,,
LI21_CE080_A1400,YAG,False,Source,True,sample_field,,,,
OSI17_CE001,YAG,False,Source,True,sample_field,,,,
OSI17_CE010,YAG,False,Source,True,sample_field,,,,
OSI17_CE030,YAG,False,Source,True,sample_field,,,,
OSI17_CE050,YAG,False,Source,True,sample_field,,,,
WAE14_YAG_CE001_T08,YAG,False,Source,True,sample_field,,,,
WAE14_YAG_CE005_T08,YAG,False,Source,True,sample_field,,,,
FEN08_YAG_CE05,YAG,False,Source,True,sample_field,,,,
FEN08_YAG_CE10,YAG,False,Source,True,sample_field,,,,
FEN08_YAG_CE20,YAG,False,Source,True,sample_field,,,,
FEN08_YAG_CE40,YAG,False,Source,True,sample_field,,,,
MAH16_YAGG_CECR,YAGG,False,Source,True,sample_field,,,,
BARTA21_YAGG_GA3,YAGG,False,Source,True,sample_field,,,,
BARTA21_YAGG_GA4,YAGG,False,Source,True,sample_field,,,,
DU18_YAMSG_X20,YAMSG,False,Source,True,sample_field,,,,
DU18_YAMSG_X10,YAMSG,False,Source,True,sample_field,,,,
HUA19_YAGG_X500,YGG,False,Source,True,sample_field,,,,
MAH16_YGG_CECR,YGG,False,Source,True,sample_field,,,,
FEN08_YSAG_CE05,YSAG,False,Source,True,sample_field,,,,
FEN08_YSAG_CE10,YSAG,False,Source,True,sample_field,,,,
FEN08_YSAG_CE20,YSAG,False,Source,True,sample_field,,,,
FEN08_YSAG_CE40,YSAG,False,Source,True,sample_field,,,,
,,,Composition,,field_coverage,255.0,1.0,,
,,,Site occupancy,,field_coverage,245.0,0.9607843137254902,,
,,,RT PL,,field_coverage,170.0,0.6666666666666666,,
,,,PLE 5d1,,field_coverage,73.0,0.28627450980392155,,
,,,Process,,field_coverage,255.0,1.0,,
,,,Lattice,,field_coverage,187.0,0.7333333333333333,,
,,,Local structure,,field_coverage,144.0,0.5647058823529412,,
,,,Thickness,,field_coverage,227.0,0.8901960784313725,,
,,,Efficiency,,field_coverage,38.0,0.14901960784313725,,
,,,Source,,field_coverage,255.0,1.0,,
SUN20_GDLUGAG_LU35,,True,,,row_completeness,,0.8,,
HUA23_LUYAG_X020,,True,,,row_completeness,,0.7,,
HUA23_LUYAG_X040,,True,,,row_completeness,,0.7,,
HUA23_LUYAG_X060,,True,,,row_completeness,,0.7,,
HUA23_LUYAG_X080,,True,,,row_completeness,,0.7,,
HU15_GD10,,True,,,row_completeness,,0.7,,
HU15_GD30,,True,,,row_completeness,,0.7,,
HU15_GD40,,True,,,row_completeness,,0.7,,
HU15_GD50,,True,,,row_completeness,,0.7,,
HU15_GD60,,True,,,row_completeness,,0.7,,
HU15_GD70,,True,,,row_completeness,,0.7,,
HU15_GD80,,True,,,row_completeness,,0.7,,
LIU19_GDYAG_GD00,,True,,,row_completeness,,0.7,,
LIU19_GDYAG_GD10,,True,,,row_completeness,,0.7,,
LIU19_GDYAG_GD20,,True,,,row_completeness,,0.7,,
LIU19_GDYAG_GD30,,True,,,row_completeness,,0.7,,
SHA19_GD06,,True,,,row_completeness,,0.6,,
SHA19_GD12,,True,,,row_completeness,,0.6,,
SHA19_GD18,,True,,,row_completeness,,0.6,,
SHA19_GD24,,True,,,row_completeness,,0.6,,
SHA19_GD30,,True,,,row_completeness,,0.6,,
LI24_CSS_CE08,,True,,,row_completeness,,0.9,,
LI24_CSS_CE02,,True,,,row_completeness,,0.8,,
LI24_CSS_CE04,,True,,,row_completeness,,0.8,,
LI24_CSS_CE06,,True,,,row_completeness,,0.8,,
LI24_CSS_CE10,,True,,,row_completeness,,0.8,,
LI24_CSS_CE12,,True,,,row_completeness,,0.8,,
MOR16_GAGG,,True,,,row_completeness,,0.8,,
CHE17_GA01,,True,,,row_completeness,,0.8,,
CHE17_GA03,,True,,,row_completeness,,0.8,,
CHE17_GA04,,True,,,row_completeness,,0.8,,
CHE17_GA05,,True,,,row_completeness,,0.8,,
CHE17_GA07,,True,,,row_completeness,,0.8,,
LIU19_ACS_GAGG_T08,,True,,,row_completeness,,0.8,,
HOS19_N4_1600,,True,,,row_completeness,,0.6,,
MENG20_GLMS_Z00,,True,,,row_completeness,,0.8,,
MENG20_GLMS_Z05,,True,,,row_completeness,,0.8,,
MENG20_GLMS_Z10,,True,,,row_completeness,,0.8,,
MA21_GSC40_CE04,,True,,,row_completeness,,1.0,,
MA21_GSC40_CE06,,True,,,row_completeness,,0.9,,
MA21_GSC40_CE08,,True,,,row_completeness,,0.9,,
MA21_GSC40_CE10,,True,,,row_completeness,,0.9,,
MA21_GSC40_CE12,,True,,,row_completeness,,0.9,,
MA21_GYSC00_CE04,,True,,,row_completeness,,0.9,,
ZHO22_LUAG_BASE,,True,,,row_completeness,,0.9,,
HUA23_LUYAG_X0999,,True,,,row_completeness,,0.7,,
LI16_LUAG_CE003,,True,,,row_completeness,,0.7,,
WANG24_LUAG_CE005,,True,,,row_completeness,,0.6,,
WANG24_LUAG_CE010,,True,,,row_completeness,,0.6,,
WANG24_LUAG_CE020,,True,,,row_completeness,,0.6,,
WANG24_LUAG_CE030,,True,,,row_completeness,,0.6,,
WANG24_LUAG_CE035,,True,,,row_completeness,,0.6,,
WANG24_LUAG_CE040,,True,,,row_completeness,,0.6,,
WANG24_LUAG_CE045,,True,,,row_completeness,,0.6,,
WANG24_LUAG_CE050,,True,,,row_completeness,,0.6,,
WANG24_LUAG_CE055,,True,,,row_completeness,,0.6,,
WANG24_LUAG_CE060,,True,,,row_completeness,,0.6,,
WANG24_LUAG_CE070,,True,,,row_completeness,,0.6,,
ZHO22_GA_X050,,True,,,row_completeness,,0.8,,
ZHO22_GA_X100,,True,,,row_completeness,,0.8,,
ZHO22_GA_X150,,True,,,row_completeness,,0.8,,
ZHO22_GA_X200,,True,,,row_completeness,,0.8,,
ZHO22_SC_X050,,True,,,row_completeness,,0.8,,
ZHO22_SC_X100,,True,,,row_completeness,,0.8,,
ZHO22_GA_X075,,True,,,row_completeness,,0.7,,
ZHO22_GA_X125,,True,,,row_completeness,,0.7,,
ZHO22_SC_X075,,True,,,row_completeness,,0.7,,
ZHO22_SC_X125,,True,,,row_completeness,,0.7,,
MOR16_LUAGG,,True,,,row_completeness,,0.8,,
YANG26_LUAGG_GA150,,True,,,row_completeness,,0.7,,
YANG26_LUAGG_GA050,,True,,,row_completeness,,0.6,,
YANG26_LUAGG_GA075,,True,,,row_completeness,,0.6,,
YANG26_LUAGG_GA100,,True,,,row_completeness,,0.6,,
YANG26_LUAGG_GA200,,True,,,row_completeness,,0.6,,
LING24_LUGDAG_CE005_GD00,,True,,,row_completeness,,0.8,,
LING24_LUGDAG_CE005_GD03,,True,,,row_completeness,,0.7,,
LING24_LUGDAG_CE005_GD06,,True,,,row_completeness,,0.7,,
LING24_LUGDAG_CE005_GD09,,True,,,row_completeness,,0.7,,
LING24_LUGDAG_CE007_GD09,,True,,,row_completeness,,0.7,,
LING24_LUGDAG_CE009_GD09,,True,,,row_completeness,,0.7,,
LING24_LUGDAG_CE011_GD09,,True,,,row_completeness,,0.7,,
LING24_LUGDAG_CE013_GD09,,True,,,row_completeness,,0.7,,
MA20_SCLU15Y15,,True,,,row_completeness,,0.9,,
MA20_SCLU10Y20,,True,,,row_completeness,,0.9,,
MA20_SCLU05Y25,,True,,,row_completeness,,0.9,,
MA20_SCLU00Y30,,True,,,row_completeness,,0.9,,
NIS11_T02,,True,,,row_completeness,,0.9,,
LI21_CE100_A000,,True,,,row_completeness,,1.0,,
LI21_CE100_A900,,True,,,row_completeness,,1.0,,
LI21_CE100_A1000,,True,,,row_completeness,,1.0,,
LI21_CE100_A1100,,True,,,row_completeness,,1.0,,
LI21_CE100_A1200,,True,,,row_completeness,,1.0,,
LI21_CE100_A1300,,True,,,row_completeness,,1.0,,
LI21_CE100_A1400,,True,,,row_completeness,,1.0,,
HUA19_YAGG_X000,,True,,,row_completeness,,0.9,,
WAE14_YAG_CE001_T05,,True,,,row_completeness,,0.9,,
WAE14_YAG_CE005_T05,,True,,,row_completeness,,0.9,,
WAE14_YAG_CE010_T05,,True,,,row_completeness,,0.9,,
MA21_YSC00_CE04,,True,,,row_completeness,,0.9,,
HU16_CE005_T040,,True,,,row_completeness,,0.8,,
HU16_CE010_T040,,True,,,row_completeness,,0.8,,
HU16_CE020_T040,,True,,,row_completeness,,0.8,,
HU16_CE050_T040,,True,,,row_completeness,,0.8,,
HU16_CE070_T040,,True,,,row_completeness,,0.8,,
HU16_CE100_T040,,True,,,row_completeness,,0.8,,
HU16_CE010_T025,,True,,,row_completeness,,0.8,,
HU16_CE010_T050,,True,,,row_completeness,,0.8,,
HU16_CE010_T070,,True,,,row_completeness,,0.8,,
HU16_CE010_T100,,True,,,row_completeness,,0.8,,
SHA19_GD00,,True,,,row_completeness,,0.8,,
LI21_CE020_A000,,True,,,row_completeness,,0.8,,
LI21_CE040_A000,,True,,,row_completeness,,0.8,,
LI21_CE060_A000,,True,,,row_completeness,,0.8,,
LI21_CE080_A000,,True,,,row_completeness,,0.8,,
SIN17_X0015,,True,,,row_completeness,,0.8,,
SIN17_X0030,,True,,,row_completeness,,0.8,,
SIN17_X0050,,True,,,row_completeness,,0.8,,
SIN17_X0100,,True,,,row_completeness,,0.8,,
HU15_GD00,,True,,,row_completeness,,0.7,,
LI16_YAG_CE003,,True,,,row_completeness,,0.7,,
BARTA21_YAG,,True,,,row_completeness,,0.6,,
HUA19_YAGG_X100,,True,,,row_completeness,,0.9,,
HUA19_YAGG_X200,,True,,,row_completeness,,0.9,,
HUA19_YAGG_X300,,True,,,row_completeness,,0.9,,
HUA19_YAGG_X400,,True,,,row_completeness,,0.9,,
MOR16_YAGG,,True,,,row_completeness,,0.8,,
BARTA21_YAGG_GA1,,True,,,row_completeness,,0.6,,
BARTA21_YAGG_GA2,,True,,,row_completeness,,0.6,,
DU18_YAMSG_X00,,True,,,row_completeness,,0.9,,
DU18_YAMSG_X05,,True,,,row_completeness,,0.9,,
UED11_YSGG_AS,,True,,,row_completeness,,0.6,,
UED11_YSGG_O2,,True,,,row_completeness,,0.6,,
LIU19_GDYAG_GD40,,False,,,row_completeness,,0.7,,
LIU19_GDYAG_GD50,,False,,,row_completeness,,0.7,,
LIU19_ACS_GAGG_T04,,False,,,row_completeness,,0.6,,
LIU19_ACS_GAGG_T06,,False,,,row_completeness,,0.6,,
LIU19_ACS_GAGG_T10,,False,,,row_completeness,,0.6,,
CHE17_GA09,,False,,,row_completeness,,0.5,,
HOS19_M2_1550,,False,,,row_completeness,,0.4,,
HOS19_M2_1600,,False,,,row_completeness,,0.4,,
HOS19_M2_1615,,False,,,row_completeness,,0.4,,
HOS19_M2_1625,,False,,,row_completeness,,0.4,,
HOS19_M4_1600,,False,,,row_completeness,,0.4,,
HOS19_N2_1550,,False,,,row_completeness,,0.4,,
HOS19_N2_1600,,False,,,row_completeness,,0.4,,
HOS19_N2_1615,,False,,,row_completeness,,0.4,,
HOS19_N2_1625,,False,,,row_completeness,,0.4,,
HIR17_GYAG_CE035,,False,,,row_completeness,,0.6,,
HIR17_GYAG_CE050,,False,,,row_completeness,,0.6,,
HIR17_GYAG_CE065,,False,,,row_completeness,,0.6,,
MA21_GYSC20_CE04,,False,,,row_completeness,,0.8,,
MA21_GSC20_CE04,,False,,,row_completeness,,0.8,,
MA21_GSC30_CE04,,False,,,row_completeness,,0.8,,
SUN20_LMAS_CE08,,False,,,row_completeness,,0.8,,
SUN20_LMAS_CE02,,False,,,row_completeness,,0.7,,
SUN20_LMAS_CE04,,False,,,row_completeness,,0.7,,
SUN20_LMAS_CE06,,False,,,row_completeness,,0.7,,
SUN20_LMAS_CE10,,False,,,row_completeness,,0.7,,
SUN20_LMAS_CE12,,False,,,row_completeness,,0.7,,
LIU14_LUAG,,False,,,row_completeness,,0.7,,
XU14_CE03,,False,,,row_completeness,,0.7,,
XU14_CE05,,False,,,row_completeness,,0.7,,
XU14_CE08,,False,,,row_completeness,,0.7,,
XU14_CE10,,False,,,row_completeness,,0.7,,
XU13_AS,,False,,,row_completeness,,0.7,,
XU13_ANN,,False,,,row_completeness,,0.7,,
XU17_PRISTINE,,False,,,row_completeness,,0.8,,
XU17_LIF035,,False,,,row_completeness,,0.8,,
ZHO22_SC_X150,,False,,,row_completeness,,0.8,,
ZHO22_SC_X200,,False,,,row_completeness,,0.8,,
LING24_LUGDAG_CE005_GD15,,False,,,row_completeness,,0.8,,
LING24_LUGDAG_CE005_GD12,,False,,,row_completeness,,0.7,,
MA20_SCLU30Y00,,False,,,row_completeness,,0.9,,
MA20_SCLU25Y05,,False,,,row_completeness,,0.9,,
MA20_SCLU20Y10,,False,,,row_completeness,,0.9,,
NIS09_T0632,,False,,,row_completeness,,0.9,,
NIS11_T01,,False,,,row_completeness,,0.7,,
NIS11_T03,,False,,,row_completeness,,0.7,,
LIU15_T02,,False,,,row_completeness,,0.7,,
LIU15_T03,,False,,,row_completeness,,0.7,,
LIU15_T05,,False,,,row_completeness,,0.7,,
LIU15_T08,,False,,,row_completeness,,0.7,,
LIU15_T15,,False,,,row_completeness,,0.7,,
YAO19_CE01,,False,,,row_completeness,,0.7,,
YAO19_CE05,,False,,,row_completeness,,0.7,,
YAO19_CE10,,False,,,row_completeness,,0.7,,
YAO19_CE20,,False,,,row_completeness,,0.7,,
ZHU21_PRE1650,,False,,,row_completeness,,0.7,,
ZHU21_PRE1700,,False,,,row_completeness,,0.7,,
ZHU21_PRE1750,,False,,,row_completeness,,0.7,,
SUN21_TUBE,,False,,,row_completeness,,0.7,,
SUN19_CE005_S1,,False,,,row_completeness,,0.6,,
SUN19_CE005_S2,,False,,,row_completeness,,0.6,,
SUN19_CE005_S3,,False,,,row_completeness,,0.6,,
SUN19_CE005_S4,,False,,,row_completeness,,0.6,,
SUN19_CE005_S5,,False,,,row_completeness,,0.6,,
SUN19_CE020_S1,,False,,,row_completeness,,0.6,,
SUN19_CE020_S2,,False,,,row_completeness,,0.6,,
SUN19_CE020_S3,,False,,,row_completeness,,0.6,,
SUN19_CE020_S4,,False,,,row_completeness,,0.6,,
SUN19_CE020_S5,,False,,,row_completeness,,0.6,,
HUA23_LUYAG_X000,,False,,,row_completeness,,0.9,,
SIN17_X0015_2,,False,,,row_completeness,,0.8,,
SIN17_X0030_2,,False,,,row_completeness,,0.8,,
SIN17_X0050_2,,False,,,row_completeness,,0.8,,
SIN17_X0100_2,,False,,,row_completeness,,0.8,,
SIN17_X0150,,False,,,row_completeness,,0.8,,
SIN17_X0150_2,,False,,,row_completeness,,0.8,,
SIN17_X0200,,False,,,row_completeness,,0.8,,
SIN17_X0200_2,,False,,,row_completeness,,0.8,,
LI21_CE020_A900,,False,,,row_completeness,,0.7,,
LI21_CE020_A1000,,False,,,row_completeness,,0.7,,
LI21_CE020_A1100,,False,,,row_completeness,,0.7,,
LI21_CE020_A1200,,False,,,row_completeness,,0.7,,
LI21_CE020_A1300,,False,,,row_completeness,,0.7,,
LI21_CE020_A1400,,False,,,row_completeness,,0.7,,
LI21_CE040_A900,,False,,,row_completeness,,0.7,,
LI21_CE040_A1000,,False,,,row_completeness,,0.7,,
LI21_CE040_A1100,,False,,,row_completeness,,0.7,,
LI21_CE040_A1200,,False,,,row_completeness,,0.7,,
LI21_CE040_A1300,,False,,,row_completeness,,0.7,,
LI21_CE040_A1400,,False,,,row_completeness,,0.7,,
LI21_CE060_A900,,False,,,row_completeness,,0.7,,
LI21_CE060_A1000,,False,,,row_completeness,,0.7,,
LI21_CE060_A1100,,False,,,row_completeness,,0.7,,
LI21_CE060_A1200,,False,,,row_completeness,,0.7,,
LI21_CE060_A1300,,False,,,row_completeness,,0.7,,
LI21_CE060_A1400,,False,,,row_completeness,,0.7,,
LI21_CE080_A900,,False,,,row_completeness,,0.7,,
LI21_CE080_A1000,,False,,,row_completeness,,0.7,,
LI21_CE080_A1100,,False,,,row_completeness,,0.7,,
LI21_CE080_A1200,,False,,,row_completeness,,0.7,,
LI21_CE080_A1300,,False,,,row_completeness,,0.7,,
LI21_CE080_A1400,,False,,,row_completeness,,0.7,,
OSI17_CE001,,False,,,row_completeness,,0.7,,
OSI17_CE010,,False,,,row_completeness,,0.7,,
OSI17_CE030,,False,,,row_completeness,,0.7,,
OSI17_CE050,,False,,,row_completeness,,0.7,,
WAE14_YAG_CE001_T08,,False,,,row_completeness,,0.7,,
WAE14_YAG_CE005_T08,,False,,,row_completeness,,0.7,,
FEN08_YAG_CE05,,False,,,row_completeness,,0.7,,
FEN08_YAG_CE10,,False,,,row_completeness,,0.7,,
FEN08_YAG_CE20,,False,,,row_completeness,,0.7,,
FEN08_YAG_CE40,,False,,,row_completeness,,0.7,,
MAH16_YAGG_CECR,,False,,,row_completeness,,0.9,,
BARTA21_YAGG_GA3,,False,,,row_completeness,,0.6,,
BARTA21_YAGG_GA4,,False,,,row_completeness,,0.6,,
DU18_YAMSG_X20,,False,,,row_completeness,,0.8,,
DU18_YAMSG_X10,,False,,,row_completeness,,0.7,,
HUA19_YAGG_X500,,False,,,row_completeness,,0.8,,
MAH16_YGG_CECR,,False,,,row_completeness,,0.7,,
FEN08_YSAG_CE05,,False,,,row_completeness,,0.5,,
FEN08_YSAG_CE10,,False,,,row_completeness,,0.5,,
FEN08_YSAG_CE20,,False,,,row_completeness,,0.5,,
FEN08_YSAG_CE40,,False,,,row_completeness,,0.5,,
,,,,,qualification_funnel,,,all records,255.0
,,,,,qualification_funnel,,,formal core,132.0
,,,,,qualification_funnel,,,M0 ready,131.0
,,,,,qualification_funnel,,,strict PL/PLE,53.0
,,,,,qualification_funnel,,,M1 structure,32.0
